route_id,stop_id,sequence,distance,count
31S,41033,1,0.284,31
31S,42572,2,0.406,31
31S,46623,3,0.643,31
31S,46507,4,0.85,31
31S,42570,5,1.074,31
31S,46398,6,1.257,31
31S,43163,7,1.447,31
31S,43171,8,1.624,31
31S,43169,9,2.086,31
31S,43167,10,2.197,31
31S,43165,11,2.392,31
31S,41117,12,2.731,31
31S,41115,13,2.879,31
31S,41113,14,3.14,31
31S,41209,15,3.313,31
31S,41082,16,3.577,31
31S,41883,17,3.952,31
31S,41881,18,4.342,31
31S,41879,19,4.53,31
31S,41877,20,4.735,31
31S,41874,21,4.894,31
31S,41872,22,5.085,31
31S,41870,23,5.365,31
31S,41868,24,5.472,31
31S,41866,25,5.744,31
31S,41863,26,6.007,31
31S,41861,27,6.422,31
31S,41859,28,6.624,31
31S,41857,29,6.881,31
31S,41855,30,7.177,31
31S,41853,31,7.475,31
31S,41851,32,7.818,31
31S,41850,33,8.079,31
31S,41847,34,8.5,31
31S,41845,35,8.66,31
31S,41843,36,8.94,31
31S,41835,37,9.15,31
31S,41838,38,9.5,31
31S,41836,39,9.692,31
31S,41840,40,9.846,31
31S,41832,41,10.141,31
31S,41830,42,10.257,31
31S,41827,43,10.9,31
31S,41825,44,11.144,31
31S,41823,45,11.4,31
31S,41821,46,11.617,31
31S,41819,47,11.842,31
31S,41815,48,12.076,31
31S,41816,49,12.326,31
31S,41812,50,12.561,31
31S,41810,51,12.789,31
31S,41808,52,13.089,31
31S,41806,53,13.24,31
31S,41803,54,13.52,31
31S,41801,55,13.745,31
31S,41799,56,13.988,31
31S,41797,57,14.26,31
31S,41795,58,14.498,31
31S,41876,59,14.781,31
31S,46423,60,15.009,31
42O,41273,1,0.172,53
42O,42445,2,0.302,58
42O,42446,3,0.438,59
42O,42013,4,0.567,59
42O,42448,5,0.902,60
42O,42460,6,1.108,60
42O,42458,7,1.322,60
42O,42456,8,1.517,60
42O,42453,9,1.681,60
42O,42449,10,1.832,60
42O,45059,11,2.103,60
42O,42450,12,2.312,60
42O,45061,13,2.517,60
42O,45062,14,2.79,60
42O,42182,15,3.085,60
42O,42183,16,3.28,60
42O,42185,17,3.399,60
42O,42177,18,3.566,60
42O,42175,19,3.72,60
42O,42410,20,3.95,60
42O,42419,21,4.174,60
42O,42417,22,4.331,60
42O,42415,23,4.556,60
42O,42413,24,4.779,60
42O,42011,25,4.982,60
42O,42009,26,5.206,60
42O,42007,27,5.383,60
42O,42004,28,5.829,60
42O,42002,29,6.08,60
42O,42000,30,6.212,60
42O,41998,31,6.42,60
42O,41995,32,6.86,60
42O,41993,33,7.157,60
42O,41991,34,7.339,60
42O,41989,35,7.638,60
42O,41987,36,7.855,60
42O,42139,37,8.174,60
42O,42137,38,8.45,60
42O,42135,39,8.955,60
42O,42133,40,9.718,60
42O,42131,41,10.181,60
42O,42128,42,10.422,60
42O,42126,43,10.74,60
42O,42124,44,11.059,60
42O,42122,45,11.365,60
42O,42120,46,11.645,60
42O,42117,47,12.133,60
42O,42115,48,12.36,60
42O,42113,49,12.632,60
42O,42111,50,12.817,60
42O,42109,51,13.096,60
42O,42106,52,13.43,60
42O,42104,53,13.638,60
42O,42102,54,13.791,60
42O,41394,55,14.095,60
42O,41392,56,14.273,60
42O,41389,57,14.628,60
42O,41387,58,14.837,60
42O,41385,59,15.111,60
42O,41383,60,15.355,60
42O,41381,61,15.527,60
42O,41378,62,15.727,60
42O,41376,63,15.88,60
42O,41374,64,16.127,60
42O,41371,65,16.416,60
42O,41368,66,16.64,60
42O,41366,67,16.86,60
42O,41364,68,17.106,60
42O,41362,69,17.308,60
42O,41358,70,17.804,60
42O,41356,71,18.1,60
42O,41354,72,18.247,60
42O,41352,73,18.374,60
42O,41349,74,18.617,60
42O,41347,75,18.869,60
42O,41345,76,19.079,60
42O,41343,77,19.254,60
42O,41340,78,19.444,60
42O,41337,79,19.668,60
42O,41335,80,19.839,60
42O,41333,81,20.104,60
42O,41328,82,20.286,60
42O,41326,83,20.584,60
42O,41324,84,20.784,60
42O,41322,85,20.978,60
42O,41391,86,21.372,60
42O,41370,87,21.576,60
42O,41351,88,21.728,60
42O,43510,89,22.053,60
42O,43506,90,22.224,60
42O,43343,91,22.633,60
42O,43146,92,22.845,60
42O,41957,93,23.182,60
42O,41952,94,23.475,60
42O,42833,95,23.705,60
42O,42831,96,24.561,60
42O,42829,97,24.825,60
42O,41509,98,25.078,60
42O,45063,99,25.307,60
42O,41504,100,25.617,60
42O,41506,101,25.739,60
42O,43296,102,25.917,60
151S,41545,1,0.159,41
151S,41543,2,0.365,42
151S,41553,3,0.553,43
151S,41551,4,0.715,43
151S,41549,5,0.858,43
151S,41547,6,0.998,43
151S,43009,7,1.191,43
151S,43007,8,1.414,43
151S,43003,9,1.754,43
151S,43001,10,2.035,43
151S,43000,11,2.245,43
151S,42996,12,2.347,42
151S,46318,13,2.471,43
151S,46275,14,2.707,43
151S,46276,15,3.084,43
151S,46316,16,3.478,43
151S,41459,17,3.857,43
151S,41457,18,4.174,43
151S,46619,19,4.381,43
151S,41455,20,4.644,43
151S,46309,21,4.913,43
151S,41453,22,5.604,43
151S,43389,23,5.934,43
151S,41451,24,6.105,43
151S,41449,25,6.313,43
151S,41447,26,6.666,43
151S,46505,27,7.139,43
151S,41445,28,7.358,43
151S,46592,29,7.475,43
151S,41443,30,7.666,43
151S,41440,31,8.455,43
151S,41438,32,8.936,43
151S,41436,33,9.116,43
151S,41434,34,9.312,43
151S,41432,35,9.541,43
151S,41429,36,9.74,43
151S,41427,37,9.856,43
151S,41423,38,10.114,43
151S,41425,39,10.31,43
151S,41422,40,10.687,43
151S,41420,41,10.862,43
151S,41418,42,11.135,43
151S,41415,43,11.368,43
151S,41413,44,11.779,43
151S,41411,45,11.918,43
151S,41409,46,12.281,43
151S,41462,47,12.564,43
151S,41460,48,12.803,43
151S,41442,49,12.977,43
151S,41419,50,13.353,43
151S,41894,51,14.125,43
151S,41896,52,15.493,43
73S,46526,1,0.223,37
73S,46527,2,0.336,37
73S,41049,3,0.587,39
73S,41050,4,0.904,39
73S,42958,5,1.301,40
73S,42960,6,1.684,40
73S,43982,7,1.887,40
73S,42962,8,2.141,40
73S,42965,9,2.31,40
73S,42967,10,2.691,40
73S,42969,11,2.898,40
73S,42971,12,3.369,40
73S,42973,13,3.689,40
73S,42976,14,4.138,40
73S,42978,15,4.371,40
73S,42980,16,4.549,40
73S,42982,17,5.008,40
73S,46430,18,5.49,40
73S,46436,19,5.712,40
73S,46434,20,6.074,40
73S,46403,21,6.148,40
73S,42989,22,6.301,40
73S,42991,23,6.601,40
73S,42993,24,6.854,40
73S,42995,25,7.098,40
73S,42998,26,7.333,40
73S,42999,27,7.421,40
73S,43002,28,7.603,40
73S,43004,29,7.913,40
73S,43008,30,8.225,40
73S,42886,31,8.481,40
73S,42888,32,8.632,40
73S,42890,33,8.908,40
73S,42893,34,9.093,40
73S,42897,35,9.32,40
73S,42898,36,9.561,40
73S,42902,37,9.999,40
73S,42904,38,10.322,40
73S,42906,39,10.515,40
73S,42909,40,10.673,40
73S,42911,41,10.833,40
73S,46471,42,11.146,40
73S,41866,43,11.387,40
73S,41863,44,11.651,40
73S,41861,45,12.066,40
73S,41859,46,12.267,40
73S,41857,47,12.524,40
73S,41855,48,12.82,40
73S,41853,49,13.118,40
73S,41851,50,13.462,40
73S,41850,51,13.722,40
73S,41847,52,14.143,40
73S,41845,53,14.304,40
73S,41843,54,14.584,40
73S,41835,55,14.793,40
73S,41838,56,15.144,40
73S,41836,57,15.335,40
73S,41840,58,15.489,40
73S,41832,59,15.784,40
73S,41830,60,15.9,40
73S,41827,61,16.543,40
73S,41825,62,16.787,40
73S,41823,63,17.043,40
73S,41821,64,17.26,40
73S,41819,65,17.485,40
73S,41815,66,17.72,40
73S,41816,67,17.969,40
73S,41812,68,18.205,40
73S,41810,69,18.432,40
73S,41808,70,18.732,40
73S,41806,71,18.883,40
73S,41803,72,19.163,40
73S,41801,73,19.389,40
73S,41799,74,19.631,40
73S,41797,75,19.904,40
73S,41795,76,20.141,40
73S,41876,77,20.424,40
56E,41216,1,0.199,35
56E,42647,2,0.463,35
56E,42646,3,0.669,35
56E,42644,4,0.925,35
56E,42642,5,1.067,35
56E,42640,6,1.276,35
56E,42677,7,1.545,35
56E,46407,8,1.718,35
56E,42675,9,1.838,35
56E,43436,10,2.016,35
56E,46439,11,2.148,35
56E,42673,12,2.271,35
56E,42649,13,2.51,35
56E,41271,14,2.748,35
56E,42823,15,2.902,35
56E,42430,16,3.916,35
56E,42827,17,4.16,35
56E,42848,18,4.274,35
56E,42874,19,4.499,35
56E,42878,20,4.619,35
56E,42883,21,4.978,35
56E,42801,22,5.194,35
56E,46652,23,5.411,35
56E,46139,24,5.592,35
56E,46140,25,5.905,35
56E,41617,26,6.217,35
56E,46141,27,6.474,35
56E,46142,28,6.685,35
56E,46143,29,6.875,35
56E,46394,30,7.048,35
56E,42147,31,7.385,35
56E,42149,32,7.493,35
56E,41934,33,7.743,35
56E,41936,34,7.965,35
56E,46473,35,8.417,35
56E,43925,36,8.52,35
56E,43927,37,8.739,35
56E,43928,38,8.867,35
56E,43296,39,9.03,35
56E,46470,40,9.291,35
56E,44156,41,9.624,35
56E,41931,42,10.599,35
56E,46144,43,11.046,35
56E,46145,44,11.273,35
56E,41781,45,11.658,35
56E,42152,46,12.029,35
56E,42154,47,12.202,35
56E,42164,48,12.504,35
56E,42166,49,12.762,35
56E,42168,50,12.903,35
56E,42842,51,13.102,35
56E,41922,52,13.2,35
56E,41920,53,13.351,34
56E,41918,54,13.607,34
56E,41917,55,13.796,34
56E,41914,56,14.027,34
56E,43152,57,14.349,34
56E,46444,58,14.624,35
63S,42895,1,0.481,28
63S,42894,2,0.708,28
63S,42891,3,0.937,28
63S,42889,4,1.171,28
63S,42887,5,1.399,28
63S,43009,6,1.574,28
63S,43007,7,1.797,28
63S,42579,8,1.982,28
63S,42577,9,2.335,28
63S,42575,10,2.595,28
63S,42573,11,2.859,28
63S,46166,12,3.163,28
63S,46167,13,3.363,28
63S,46168,14,3.639,28
63S,46169,15,3.915,28
63S,46170,16,4.191,28
63S,46171,17,4.355,28
63S,46172,18,4.539,28
63S,46173,19,4.772,28
63S,46174,20,4.962,28
63S,46175,21,5.123,28
63S,46176,22,5.32,28
63S,46177,23,5.542,28
63S,46302,24,5.746,28
63S,42740,25,5.929,28
63S,46178,26,6.201,28
63S,46179,27,6.351,28
63S,46180,28,6.728,28
63S,46181,29,6.991,28
63S,46182,30,7.21,28
63S,46183,31,7.509,28
63S,46184,32,7.781,28
63S,41961,33,8.052,28
63S,41954,34,8.231,28
63S,41955,35,8.486,28
63S,41949,36,8.72,28
63S,41947,37,9.287,28
63S,41944,38,9.388,28
63S,41960,39,9.658,28
63S,46355,40,9.812,28
63S,41932,41,9.928,28
63S,44163,42,10.763,26
63S,41931,43,11.595,26
63S,41964,44,11.91,28
63S,41966,45,12.144,28
63S,41941,46,12.44,28
63S,41958,47,12.839,28
63S,41937,48,13.135,28
63S,43147,49,13.484,28
63S,43148,50,13.682,28
63S,43507,51,13.985,28
63S,43509,52,14.197,28
63S,41342,53,14.46,28
63S,41360,54,14.636,28
63S,46186,55,14.852,28
63S,41925,56,15.049,28
63S,41923,57,15.224,28
63S,41512,58,15.47,28
63S,41518,59,15.586,28
63S,41516,60,15.86,28
63S,41514,61,15.996,28
63S,41691,62,16.157,28
63S,41689,63,16.333,28
63S,41687,64,16.49,28
63S,41239,65,16.649,28
63S,41237,66,16.782,28
63S,41235,67,17.017,28
63S,41233,68,17.25,28
63S,41231,69,17.672,28
63S,41228,70,17.962,28
63S,41226,71,18.261,28
63S,41224,72,18.517,28
63S,41222,73,18.774,28
46S,43084,1,0.316,32
46S,43082,2,0.562,32
46S,43080,3,0.908,32
46S,43078,4,1.06,32
46S,43096,5,1.302,32
46S,43094,6,1.579,32
46S,43088,7,1.748,32
46S,43091,8,1.857,32
46S,42764,9,2.172,32
46S,42762,10,2.428,32
46S,42760,11,2.636,32
46S,42672,12,2.802,32
46S,42670,13,3.154,32
46S,42668,14,3.699,32
46S,42666,15,3.944,32
46S,42665,16,4.235,32
46S,42663,17,4.491,32
46S,42660,18,4.788,32
46S,42657,19,5.074,32
46S,42653,20,5.213,32
46S,42655,21,5.402,32
46S,42652,22,5.689,32
46S,42650,23,5.885,32
46S,42647,24,5.968,32
46S,42646,25,6.174,32
46S,42644,26,6.43,32
46S,42642,27,6.572,32
46S,42640,28,6.782,32
46S,42677,29,7.05,32
46S,46407,30,7.224,32
46S,42675,31,7.343,32
46S,43436,32,7.522,32
46S,46439,33,7.654,32
46S,42673,34,7.777,32
46S,42649,35,8.015,32
46S,41271,36,8.254,32
46S,42823,37,8.407,32
46S,42430,38,9.421,32
46S,42827,39,9.665,32
46S,42848,40,9.78,32
46S,42874,41,10.004,32
46S,42878,42,10.124,32
46S,42883,43,10.484,32
46S,42801,44,10.7,32
46S,42803,45,10.972,32
46S,42804,46,11.154,32
46S,42805,47,11.26,32
46S,42808,48,11.377,32
46S,45034,49,11.484,32
46S,42813,50,11.681,32
46S,42814,51,11.913,32
46S,41423,52,12.135,32
46S,41425,53,12.33,32
46S,41422,54,12.708,32
46S,41420,55,12.882,32
46S,41418,56,13.155,32
46S,42481,57,13.523,32
46S,42514,58,13.693,32
46S,42512,59,13.903,32
46S,42510,60,14.032,32
46S,42491,61,14.259,32
46S,46012,62,14.467,32
46S,46013,63,14.695,32
46S,46014,64,15.065,32
46S,46015,65,15.357,32
61S,41780,1,0.12,26
61S,41778,2,0.485,27
61S,41776,3,0.802,27
61S,41766,4,0.981,27
61S,41764,5,1.121,27
61S,41762,6,1.358,27
61S,41760,7,1.565,27
61S,41475,8,1.783,27
61S,41470,9,1.963,27
61S,42439,10,2.291,27
61S,42437,11,2.448,27
61S,42435,12,2.68,27
61S,42432,13,2.939,27
61S,41680,14,3.087,27
61S,41679,15,3.247,27
61S,41308,16,3.458,27
61S,41310,17,3.604,27
61S,41305,18,3.886,27
61S,41307,19,4.081,27
61S,41631,20,4.388,27
61S,41633,21,4.748,27
61S,41684,22,4.923,27
61S,41686,23,5.191,27
61S,41671,24,5.404,27
61S,41673,25,5.736,27
61S,41675,26,6.002,27
61S,41677,27,6.174,27
61S,46649,28,6.559,27
61S,43389,29,6.814,26
61S,41451,30,6.985,27
61S,41449,31,7.193,27
61S,41447,32,7.546,27
61S,46505,33,8.019,27
61S,41607,34,8.345,27
61S,45026,35,8.726,27
61S,46534,36,8.892,27
61S,41604,37,9.103,27
61S,43984,38,9.418,27
61S,41295,39,9.565,27
61S,41771,40,10.414,27
61S,43404,41,10.603,27
61S,41769,42,10.847,27
61S,41511,43,11.032,27
61S,43296,44,11.387,27
61S,46470,45,11.648,27
61S,44161,46,12.167,27
61S,43385,47,12.407,27
61S,43386,48,12.601,27
61S,46531,49,12.793,27
61S,43979,50,13.026,27
61S,43387,51,13.243,27
61S,46422,52,13.552,27
61S,42832,53,14.249,27
61S,41958,54,14.532,27
61S,41937,55,14.828,27
61S,43147,56,15.177,27
61S,43148,57,15.375,27
55S,43084,1,0.316,27
55S,43082,2,0.562,27
55S,46121,3,0.948,27
55S,46122,4,1.323,27
55S,46123,5,1.613,27
55S,46340,6,1.867,27
55S,46124,7,2.187,27
55S,46125,8,2.434,27
55S,46126,9,2.605,27
55S,46650,10,2.992,27
55S,46127,11,3.239,27
55S,46128,12,3.694,27
55S,46129,13,4.152,27
55S,41483,14,4.461,27
55S,41480,15,5.245,27
55S,41478,16,5.547,27
55S,41475,17,5.751,27
55S,41752,18,5.987,27
55S,41750,19,6.274,27
55S,41748,20,6.451,27
55S,41753,21,6.592,27
55S,41567,22,6.84,27
55S,41565,23,7.113,27
55S,41563,24,7.314,27
55S,41561,25,7.46,27
55S,41559,26,7.619,27
55S,41571,27,7.773,27
55S,41569,28,7.947,27
55S,41575,29,8.35,27
55S,41447,30,8.605,27
55S,46505,31,9.078,27
55S,41445,32,9.296,27
55S,46592,33,9.414,27
55S,41443,34,9.605,27
55S,41440,35,10.394,27
55S,41315,36,10.632,27
55S,41317,37,10.83,27
55S,41319,38,11.016,27
55S,41968,39,11.459,26
55S,41970,40,11.685,26
55S,41972,41,11.855,26
55S,41974,42,12.057,26
55S,41618,43,12.342,26
55S,42145,44,12.519,26
55S,42144,45,12.772,26
55S,42142,46,12.846,26
55S,42147,47,13.166,26
55S,42149,48,13.273,27
55S,41434,49,13.469,27
55S,41432,50,13.699,27
55S,41429,51,13.897,27
55S,42815,52,14.335,27
55S,42816,53,14.629,27
55S,42818,54,14.761,27
55S,46633,55,15.02,27
55S,41290,56,15.189,27
55S,41288,57,15.595,27
55S,41286,58,15.838,27
55S,41284,59,16.109,27
55S,41302,60,16.425,27
55S,41300,61,16.638,27
55S,41298,62,16.8,27
55S,41293,63,17.172,27
55S,41442,64,17.428,27
55S,41419,65,17.804,27
55S,41894,66,18.576,27
55S,41534,67,19.5,27
55S,41668,68,20.025,27
55S,43410,69,21.5,27
55S,46617,70,22.715,27
26E,41197,1,0.278,70
26E,42703,2,0.564,76
26E,43224,3,0.832,76
26E,43222,4,0.994,76
26E,43220,5,1.249,76
26E,43218,6,1.408,76
26E,41788,7,1.644,76
26E,41783,8,1.865,76
26E,41786,9,2.057,76
26E,41193,10,2.318,76
26E,41189,11,2.435,76
26E,41187,12,2.651,76
26E,41185,13,3.021,76
26E,41183,14,3.183,76
26E,46533,15,3.259,76
26E,41181,16,3.447,76
26E,43259,17,3.537,76
26E,41178,18,3.822,76
26E,41176,19,4.164,76
26E,41174,20,4.294,76
26E,43022,21,4.437,76
26E,43037,22,4.602,76
26E,43050,23,4.823,76
26E,46011,24,5.014,76
26E,43043,25,5.155,76
26E,43064,26,5.415,76
26E,43066,27,5.66,76
26E,43068,28,5.915,76
26E,43018,29,6.101,76
26E,43021,30,6.271,76
26E,43430,31,6.551,76
26E,43431,32,6.837,76
26E,43432,33,7.046,76
26E,43433,34,7.392,76
26E,43434,35,7.856,76
26E,46648,36,8.459,76
26E,42509,37,8.574,76
26E,42507,38,8.805,76
26E,42505,39,9.005,76
26E,42503,40,9.315,76
26E,42500,41,9.534,76
26E,42498,42,9.78,76
26E,42496,43,9.936,76
26E,42494,44,10.207,76
26E,42492,45,10.387,76
26E,42489,46,10.465,76
26E,42487,47,10.748,76
26E,42485,48,10.893,76
26E,42483,49,11.051,76
26E,42481,50,11.213,76
26E,42514,51,11.384,76
26E,42512,52,11.593,76
26E,42510,53,11.722,76
26E,42491,54,11.949,76
26E,46012,55,12.157,76
26E,46013,56,12.385,76
26E,46014,57,12.756,76
26E,46015,58,13.048,76
76E,41590,1,0.374,38
76E,41595,2,0.586,38
76E,41597,3,0.843,39
76E,41599,4,1.035,39
76E,41580,5,1.277,39
76E,41582,6,1.468,39
76E,41586,7,1.806,39
76E,41588,8,1.989,39
76E,41591,9,2.211,39
76E,45004,10,2.348,39
76E,45005,11,2.68,39
76E,46638,12,3.072,39
76E,42920,13,3.358,39
76E,42940,14,3.554,39
76E,42964,15,3.873,39
76E,42987,16,4.032,39
76E,42885,17,4.223,39
76E,42908,18,4.485,39
76E,42914,19,4.703,39
76E,42916,20,5.014,39
76E,42918,21,5.226,39
76E,42921,22,5.348,39
76E,42923,23,5.548,39
76E,42925,24,5.691,39
76E,42927,25,5.829,39
76E,42929,26,5.984,39
76E,42932,27,6.224,39
76E,42934,28,6.334,39
76E,42936,29,6.57,39
76E,46605,30,6.665,39
76E,42938,31,6.884,39
76E,42941,32,7.082,39
76E,42943,33,7.268,39
76E,42945,34,7.444,39
76E,42947,35,7.766,39
76E,45036,36,8.029,39
76E,46323,37,8.273,39
76E,41046,38,8.577,39
76E,43101,39,8.786,39
76E,43103,40,8.968,39
76E,43105,41,9.12,39
76E,41049,42,9.398,39
76E,41050,43,9.715,39
76E,42958,44,10.112,39
76E,42960,45,10.495,39
76E,43982,46,10.698,39
76E,42962,47,10.952,39
76E,42965,48,11.121,39
76E,42967,49,11.502,39
76E,42969,50,11.709,39
76E,42433,51,11.907,39
76E,42431,52,12.16,39
76E,42434,53,12.387,39
76E,42436,54,12.52,39
76E,41466,55,12.717,39
76E,41469,56,13.017,39
76E,41465,57,13.185,39
76E,41500,58,13.427,39
76E,41498,59,13.916,39
76E,41493,60,14.106,39
76E,41477,61,14.406,39
76E,46264,62,14.595,39
76E,46414,63,14.807,39
76E,46265,64,14.938,39
76E,46266,65,15.595,39
76E,41494,66,16.135,39
76E,45037,67,16.553,39
76E,45038,68,16.886,39
76E,46074,69,17.189,39
76E,41959,70,17.613,39
76E,41961,71,17.965,39
76E,41954,72,18.144,39
76E,41955,73,18.399,39
76E,41949,74,18.633,39
76E,41947,75,19.2,39
76E,41944,76,19.301,39
76E,41960,77,19.571,39
76E,46355,78,19.725,39
76E,41964,79,20.092,40
76E,41966,80,20.326,40
76E,41941,81,20.622,40
76E,41958,82,21.021,40
76E,41937,83,21.317,40
76E,43147,84,21.666,40
76E,43148,85,21.865,40
33S,41342,1,0.403,25
33S,41360,2,0.579,25
33S,41380,3,0.863,24
33S,46035,4,1.301,25
33S,46036,5,1.624,25
33S,46037,6,1.848,25
33S,46038,7,2.025,25
33S,46039,8,2.197,25
33S,46040,9,2.43,25
33S,46041,10,2.703,25
33S,46321,11,2.954,25
33S,46042,12,3.115,25
33S,46043,13,3.598,25
33S,46044,14,3.943,25
33S,46045,15,4.171,25
33S,46046,16,4.409,25
33S,46047,17,4.732,25
33S,46048,18,4.948,25
33S,46049,19,5.16,25
33S,46050,20,5.265,25
33S,46051,21,5.437,25
33S,46052,22,5.668,25
33S,46053,23,5.834,25
33S,46054,24,6.048,25
33S,46055,25,6.355,25
33S,46056,26,6.593,25
33S,46057,27,6.865,25
33S,41004,28,7.117,25
33S,43188,29,7.287,25
33S,43190,30,7.655,25
33S,41152,31,7.913,25
33S,41150,32,8.04,25
33S,41148,33,8.188,25
33S,43155,34,8.334,25
33S,41042,35,8.519,25
33S,41040,36,8.78,24
33S,41043,37,8.95,25
33S,41331,38,9.306,25
33S,42750,39,9.504,25
33S,42758,40,9.768,25
33S,42756,41,10.031,25
33S,42754,42,10.261,25
33S,46626,43,10.45,25
33S,46608,44,10.62,25
33S,46609,45,10.748,25
33S,46610,46,11.016,25
33S,41222,47,11.314,25
24E,43429,1,0.168,36
24E,43021,2,0.373,37
24E,43024,3,0.566,37
24E,43026,4,0.768,37
24E,43029,5,1.129,37
24E,43031,6,1.39,37
24E,43032,7,1.665,37
24E,45045,8,1.918,37
24E,43036,9,2.118,37
24E,43039,10,2.866,37
24E,43041,11,3.172,37
24E,43044,12,3.416,37
24E,43046,13,3.573,37
24E,43049,14,3.736,37
24E,43052,15,3.968,37
24E,43054,16,4.247,37
24E,46007,17,4.351,37
24E,46008,18,4.525,37
24E,43057,19,4.843,37
24E,43059,20,5.088,37
24E,43061,21,5.33,37
24E,43063,22,5.553,37
24E,41409,23,5.881,37
24E,41462,24,6.163,37
24E,41262,25,6.373,37
24E,41259,26,6.493,37
24E,41258,27,6.684,37
24E,41256,28,6.779,37
24E,41254,29,7.059,37
24E,41252,30,7.241,37
24E,41250,31,7.41,37
24E,43416,32,7.585,37
24E,41248,33,7.715,37
24E,41246,34,7.982,37
24E,41244,35,8.144,37
24E,41242,36,8.271,37
24E,41239,37,8.436,37
24E,41237,38,8.569,37
24E,41235,39,8.804,37
24E,41233,40,9.038,37
24E,41231,41,9.459,37
24E,41228,42,9.749,37
24E,41226,43,10.048,37
24E,41224,44,10.304,37
24E,41222,45,10.561,37
50O,42797,1,0.286,32
50O,41616,2,0.523,32
50O,41611,3,0.672,33
50O,41613,4,0.877,33
50O,41615,5,1.121,33
50O,41102,6,1.337,33
50O,41281,7,1.639,33
50O,41279,8,1.968,33
50O,42880,9,2.104,33
50O,42877,10,2.323,33
50O,46114,11,2.655,33
50O,46115,12,3.042,33
50O,46116,13,3.427,33
50O,46117,14,3.672,33
50O,42872,15,4.293,33
50O,42870,16,4.451,33
50O,42868,17,4.852,33
50O,45032,18,5.388,33
50O,42866,19,5.838,33
50O,42864,20,6.328,33
50O,42860,21,6.619,33
50O,42859,22,7.022,33
50O,42855,23,7.225,33
50O,42853,24,7.655,33
50O,42851,25,7.862,33
50O,42849,26,8.147,33
50O,42845,27,8.569,33
50O,42843,28,8.743,33
50O,42840,29,8.939,33
50O,42841,30,9.116,33
50O,45042,31,9.311,33
50O,43248,32,9.674,33
50O,43900,33,9.829,33
50O,43372,34,10.132,33
50O,46304,35,10.342,33
50O,46509,36,10.668,33
50O,48150,37,10.876,33
50O,43343,38,11.574,32
50O,43146,39,11.785,32
50O,41957,40,12.122,33
50O,41952,41,12.415,33
50O,41942,42,12.804,33
50O,41965,43,13.248,33
40E,46648,1,0.152,32
40E,41312,2,0.346,36
40E,43127,3,0.596,45
40E,43150,4,0.787,43
40E,43157,5,1.054,46
40E,43159,6,1.234,46
40E,43108,7,1.363,46
40E,43110,8,1.555,46
40E,43112,9,1.743,46
40E,43114,10,1.971,46
40E,43116,11,2.243,46
40E,43118,12,2.468,46
40E,43120,13,2.589,46
40E,43122,14,2.848,46
40E,43124,15,3.079,46
40E,43126,16,3.243,46
40E,43129,17,3.397,46
40E,43131,18,3.487,46
40E,43133,19,3.747,46
40E,43135,20,3.889,46
40E,43137,21,4.094,46
40E,43140,22,4.359,46
40E,43142,23,4.735,46
40E,43144,24,5.446,46
40E,43147,25,5.767,46
40E,43148,26,5.965,46
17S,41893,1,0.54,36
17S,41891,2,0.762,36
17S,41890,3,0.97,36
17S,41888,4,1.109,36
17S,46437,5,1.303,35
17S,41885,6,1.489,36
17S,41883,7,1.759,36
17S,41881,8,2.149,36
17S,41879,9,2.337,36
17S,41877,10,2.542,36
17S,41874,11,2.7,36
17S,41872,12,2.892,36
17S,41870,13,3.171,36
17S,41868,14,3.279,36
17S,41866,15,3.551,36
17S,41863,16,3.814,36
17S,41861,17,4.229,36
17S,41859,18,4.431,36
17S,41857,19,4.688,36
17S,41855,20,4.983,36
17S,41853,21,5.282,36
17S,41851,22,5.625,36
17S,41850,23,5.886,36
17S,41847,24,6.306,36
17S,41845,25,6.467,36
17S,41843,26,6.747,36
17S,41835,27,6.957,36
17S,41838,28,7.307,36
17S,41836,29,7.499,36
17S,41840,30,7.652,36
17S,41832,31,7.948,36
17S,41830,32,8.063,36
17S,41827,33,8.707,36
17S,41825,34,8.95,36
17S,41823,35,9.207,36
17S,41821,36,9.424,36
17S,41819,37,9.649,36
17S,41815,38,9.883,36
17S,41816,39,10.133,36
17S,41812,40,10.368,36
17S,41810,41,10.596,36
17S,41808,42,10.896,36
17S,41806,43,11.047,36
17S,41803,44,11.327,36
17S,41801,45,11.552,36
17S,41799,46,11.795,36
17S,41797,47,12.067,36
17S,41795,48,12.305,36
17S,41876,49,12.588,36
903S,41197,1,0.298,25
903S,43260,2,0.541,27
903S,41190,3,0.662,27
903S,46280,4,0.805,27
903S,41784,5,0.943,27
903S,41785,6,1.141,27
903S,41787,7,1.39,27
903S,46281,8,1.569,27
903S,46282,9,1.799,27
903S,46283,10,3.209,27
903S,46284,11,3.502,27
903S,46285,12,3.662,27
903S,46286,13,4.008,27
903S,46287,14,4.184,27
903S,46288,15,4.396,27
903S,46289,16,4.759,27
903S,46640,17,5.051,27
903S,42920,18,5.144,27
903S,42940,19,5.339,27
903S,42964,20,5.659,27
903S,42987,21,5.817,27
903S,42885,22,6.009,27
903S,42908,23,6.27,27
903S,42914,24,6.488,27
903S,42916,25,6.8,27
903S,42918,26,7.011,27
903S,42921,27,7.133,27
903S,42923,28,7.333,27
903S,42925,29,7.476,27
903S,42927,30,7.614,27
903S,42929,31,7.769,27
903S,42932,32,8.01,27
903S,42934,33,8.119,27
903S,42936,34,8.355,27
903S,46605,35,8.45,27
903S,42938,36,8.67,27
903S,42941,37,8.868,27
903S,42943,38,9.053,27
903S,42945,39,9.23,27
903S,42947,40,9.552,27
903S,45036,41,9.814,27
903S,42950,42,9.954,27
903S,42951,43,10.156,27
903S,42954,44,10.414,27
903S,42956,45,10.569,27
903S,43075,46,10.752,27
903S,43073,47,11.0,27
903S,43071,48,11.186,27
903S,43069,49,11.329,27
903S,41483,50,11.661,27
903S,44913,51,20.16,27
903S,41941,52,21.797,27
903S,41958,53,22.197,27
903S,41937,54,22.492,27
402O,42979,1,0.406,7
402O,42977,2,0.593,7
402O,42974,3,0.829,6
402O,42972,4,1.266,7
402O,42970,5,1.604,7
402O,42968,6,2.014,7
402O,42966,7,2.259,7
402O,42963,8,2.662,7
402O,42961,9,2.869,7
402O,42959,10,3.333,7
402O,42957,11,3.786,6
402O,42955,12,4.071,7
402O,42952,13,4.279,7
402O,42949,14,4.574,7
402O,42948,15,4.704,7
402O,46325,16,4.868,7
402O,42946,17,5.137,7
402O,42944,18,5.457,7
402O,42942,19,5.61,7
402O,42939,20,5.831,7
402O,42937,21,6.014,7
402O,46604,22,6.233,6
402O,42935,23,6.332,7
402O,42933,24,6.568,7
402O,42930,25,6.684,7
402O,42928,26,6.919,7
402O,42926,27,7.072,7
402O,42924,28,7.209,7
402O,42922,29,7.361,7
402O,42919,30,7.573,7
402O,42917,31,7.751,7
402O,42915,32,7.975,7
402O,42913,33,8.171,7
402O,42896,34,8.399,7
402O,42997,35,8.667,7
402O,42975,36,8.847,7
402O,42953,37,9.03,7
402O,42931,38,9.34,7
402O,42884,39,9.556,7
402O,46641,40,9.7,7
402O,46290,41,9.95,7
402O,46291,42,10.292,7
402O,46292,43,10.5,7
402O,46293,44,10.697,7
402O,46294,45,11.033,7
402O,46295,46,11.203,6
402O,46296,47,11.529,7
402O,46297,48,12.88,7
402O,46298,49,13.112,7
402O,46299,50,13.292,7
402O,41788,51,13.518,7
402O,41783,52,13.738,7
402O,41786,53,13.93,7
402O,41201,54,14.027,7
402O,43263,55,14.146,7
70E,43343,1,0.642,35
70E,43146,2,0.853,35
70E,41957,3,1.19,35
70E,41952,4,1.483,35
70E,42833,5,1.714,35
70E,43380,6,2.55,35
70E,43381,7,2.719,35
70E,43980,8,2.88,35
70E,46530,9,3.083,35
70E,43382,10,3.285,35
70E,43383,11,3.513,35
70E,44070,12,3.834,35
70E,43295,13,4.332,35
70E,43929,14,4.695,35
70E,43930,15,4.904,35
70E,43931,16,5.011,35
70E,43932,17,5.443,35
70E,41296,18,6.276,35
70E,46332,19,6.464,35
70E,46411,20,6.637,35
70E,43933,21,6.773,35
70E,43934,22,6.955,35
70E,46501,23,7.314,35
70E,46502,24,7.706,35
70E,43935,25,8.064,35
70E,43936,26,8.573,35
70E,43938,27,8.736,35
70E,41946,28,9.021,35
70E,41948,29,9.193,35
70E,46601,30,9.426,35
70E,42246,31,9.634,35
70E,42252,32,9.844,35
70E,42250,33,10.057,35
70E,42253,34,10.277,35
70E,42255,35,10.576,35
70E,42257,36,10.771,35
70E,41644,37,10.995,35
70E,42783,38,11.281,35
70E,42781,39,11.703,35
70E,42780,40,11.856,35
70E,42778,41,12.047,35
70E,42774,42,12.464,35
70E,42772,43,12.697,35
70E,42770,44,12.991,35
70E,42768,45,13.239,35
70E,42766,46,13.43,35
70E,42788,47,13.869,35
70E,42786,48,14.13,35
70E,42776,49,14.266,35
70E,42470,50,14.509,35
70E,42468,51,14.665,35
70E,42466,52,14.832,35
70E,42478,53,14.999,35
70E,42476,54,15.245,35
70E,42474,55,15.491,31
70E,42472,56,15.711,17
70E,42425,57,15.948,14
70E,42423,58,16.13,13
70E,42421,59,16.276,12
70E,41757,60,16.609,35
70E,41755,61,16.753,35
70E,42722,62,17.047,35
70E,42720,63,17.256,35
70E,42716,64,17.452,35
70E,46260,65,20.997,35
70E,46261,66,21.411,35
70E,42523,67,21.795,35
70E,42525,68,22.055,35
70E,42527,69,22.166,35
70E,42529,70,22.337,35
70E,42518,71,22.528,35
70E,42520,72,22.757,35
70E,41354,73,22.911,35
70E,41352,74,23.038,35
70E,41349,75,23.281,35
70E,41347,76,23.533,35
70E,41345,77,23.742,35
70E,41343,78,23.918,35
70E,41799,79,24.251,35
70E,41797,80,24.523,35
70E,41795,81,24.761,35
70E,41876,82,25.044,35
65S,42895,1,0.501,48
65S,42894,2,0.727,48
65S,42891,3,0.956,48
65S,42889,4,1.19,48
65S,42887,5,1.418,48
65S,43009,6,1.593,48
65S,43007,7,1.816,48
65S,42579,8,2.001,48
65S,42577,9,2.354,48
65S,42575,10,2.614,48
65S,42573,11,2.878,48
65S,41660,12,3.104,49
65S,45007,13,3.326,49
65S,41662,14,3.479,49
65S,41664,15,3.663,49
65S,46276,16,3.816,49
65S,46596,17,4.226,49
65S,41529,18,4.322,49
65S,41531,19,4.49,49
65S,41533,20,4.812,49
65S,46455,21,5.132,49
65S,46456,22,5.239,49
65S,46457,23,5.486,49
65S,46458,24,5.725,49
65S,46459,25,5.918,49
65S,46460,26,6.25,49
65S,46461,27,6.403,49
65S,46462,28,6.627,49
65S,46463,29,6.966,49
65S,46618,30,7.07,49
65S,42530,31,7.224,49
65S,42545,32,7.478,49
65S,42547,33,7.718,49
65S,42549,34,7.929,49
65S,42532,35,8.126,49
65S,42534,36,8.416,49
65S,42536,37,8.588,49
65S,42538,38,8.789,49
65S,42540,39,9.006,49
65S,42543,40,9.146,49
65S,42544,41,9.27,49
65S,46214,42,9.574,49
65S,46215,43,9.725,49
65S,46216,44,10.016,49
65S,46217,45,10.289,49
65S,46218,46,10.517,49
65S,46219,47,10.926,49
65S,46220,48,11.018,49
65S,46221,49,11.215,49
65S,46074,50,11.351,49
65S,41959,51,11.775,49
65S,41961,52,12.127,49
65S,41954,53,12.306,49
65S,41955,54,12.56,49
65S,41949,55,12.795,49
65S,41947,56,13.362,49
65S,41944,57,13.463,49
65S,41960,58,13.733,49
65S,46355,59,13.887,49
65S,41964,60,14.254,49
65S,41966,61,14.488,49
65S,41941,62,14.783,49
65S,41958,63,15.183,49
65S,41937,64,15.479,49
65S,43147,65,15.828,49
65S,43148,66,16.026,49
43S,41010,1,0.344,23
43S,41011,2,0.525,23
43S,46392,3,0.732,23
43S,41012,4,0.99,23
43S,46416,5,1.333,23
43S,41013,6,1.5,23
43S,41015,7,1.599,23
43S,41014,8,1.724,23
43S,42704,9,2.16,23
43S,42706,10,2.373,23
43S,42708,11,2.557,23
43S,42711,12,2.84,23
43S,42714,13,3.053,23
43S,42723,14,3.455,23
43S,42722,15,3.735,23
43S,42720,16,3.944,23
43S,42716,17,4.141,23
43S,41827,18,6.205,23
43S,41825,19,6.449,23
43S,41823,20,6.705,23
43S,41821,21,6.922,23
43S,41819,22,7.147,23
43S,41815,23,7.381,23
43S,41816,24,7.631,23
43S,41812,25,7.866,23
43S,41810,26,8.094,23
43S,41808,27,8.394,23
43S,41806,28,8.545,23
43S,41803,29,8.825,23
43S,41801,30,9.05,23
43S,41799,31,9.293,23
43S,41797,32,9.565,23
43S,41795,33,9.803,23
43S,41876,34,10.086,23
74O,42381,1,0.246,21
74O,42383,2,0.419,21
74O,42385,3,0.661,21
74O,42387,4,0.91,21
74O,42390,5,1.465,21
74O,42392,6,1.761,21
74O,42394,7,1.96,21
74O,42396,8,2.265,21
74O,45006,9,2.841,21
74O,42400,10,3.073,21
74O,42402,11,3.388,21
74O,42404,12,3.554,21
74O,42406,13,3.906,21
74O,42408,14,4.096,21
74O,42262,15,4.233,21
74O,42264,16,4.468,21
74O,42266,17,4.62,21
74O,42268,18,4.787,21
74O,42270,19,5.018,21
74O,42273,20,5.266,21
74O,42275,21,5.437,21
74O,42277,22,5.626,21
74O,42279,23,5.757,21
74O,42281,24,6.042,21
74O,42284,25,6.319,21
74O,42286,26,6.562,21
74O,42288,27,6.68,21
74O,42290,28,6.929,21
74O,42292,29,7.242,21
74O,42295,30,7.382,21
74O,42296,31,7.788,21
74O,42298,32,8.233,21
74O,42301,33,8.416,21
74O,42303,34,8.927,21
74O,42305,35,9.194,21
74O,42308,36,9.441,21
74O,42310,37,9.737,21
74O,42312,38,10.233,21
74O,43398,39,10.553,21
74O,46342,40,10.94,21
74O,41891,41,11.116,21
74O,41890,42,11.323,21
74O,41888,43,11.462,21
74O,46437,44,11.657,21
74O,42632,45,11.928,21
74O,42630,46,12.278,21
74O,42628,47,12.534,21
74O,42626,48,12.736,21
74O,42637,49,12.992,21
74O,42635,50,13.209,21
74O,42633,51,13.448,21
74O,42582,52,13.595,21
74O,42684,53,13.789,21
74O,42682,54,13.974,21
74O,42680,55,14.206,21
74O,42691,56,14.371,21
74O,42689,57,14.619,21
74O,42687,58,14.888,21
74O,42685,59,15.061,21
74O,41857,60,15.368,21
74O,41855,61,15.664,21
74O,41853,62,15.962,21
74O,41851,63,16.305,21
74O,41850,64,16.566,21
74O,41847,65,16.987,21
74O,41845,66,17.147,21
74O,41843,67,17.427,21
74O,41835,68,17.637,21
74O,41838,69,17.988,21
74O,41836,70,18.179,21
74O,41840,71,18.333,21
74O,41832,72,18.628,21
74O,41830,73,18.744,21
74O,41827,74,19.387,21
74O,41825,75,19.631,21
74O,41823,76,19.887,21
74O,41821,77,20.104,21
74O,41819,78,20.329,21
74O,41815,79,20.563,21
74O,41816,80,20.813,21
74O,41812,81,21.048,20
74O,41810,82,21.276,17
74O,41808,83,21.576,21
74O,41806,84,21.727,21
74O,41803,85,22.007,21
74O,41801,86,22.233,21
74O,41799,87,22.475,21
74O,41797,88,22.748,21
74O,41795,89,22.985,21
74O,41876,90,23.268,21
52O,42378,1,0.275,18
52O,42375,2,0.582,19
52O,42373,3,0.705,19
52O,42371,4,0.908,19
52O,42369,5,1.165,19
52O,42367,6,1.309,19
52O,42364,7,1.465,19
52O,42362,8,1.729,19
52O,42360,9,1.933,19
52O,42358,10,2.139,19
52O,42356,11,2.314,19
52O,42353,12,2.495,19
52O,42351,13,2.852,19
52O,42349,14,3.241,19
52O,42347,15,3.419,19
52O,42345,16,3.687,19
52O,42342,17,4.044,19
52O,42340,18,4.277,19
52O,42338,19,4.502,19
52O,42336,20,4.863,19
52O,42334,21,5.079,19
52O,42331,22,5.345,19
52O,42329,23,5.54,19
52O,42327,24,5.84,19
52O,42325,25,5.967,19
52O,42323,26,6.13,19
52O,42320,27,6.37,19
52O,42318,28,6.571,19
52O,42306,29,6.781,19
52O,42282,30,6.895,19
52O,42260,31,7.171,19
52O,42388,32,7.692,19
52O,42366,33,7.882,19
52O,42344,34,8.208,19
52O,42322,35,8.529,19
52O,42051,36,8.849,19
52O,42048,37,9.046,19
52O,42046,38,9.753,19
52O,42044,39,10.054,19
52O,42042,40,10.426,19
52O,42040,41,10.616,19
52O,42037,42,10.787,12
52O,42035,43,11.057,14
52O,42033,44,11.279,19
52O,42031,45,11.506,19
52O,42029,46,11.692,19
52O,42026,47,11.888,19
52O,42024,48,12.055,19
52O,42022,49,12.311,19
52O,42020,50,12.577,19
52O,42018,51,12.68,19
52O,42015,52,13.012,19
52O,42448,53,13.337,19
52O,42460,54,13.544,19
52O,42458,55,13.758,19
52O,42456,56,13.952,19
52O,42453,57,14.117,19
52O,42181,58,14.349,19
52O,42182,59,14.565,19
52O,42183,60,14.761,19
52O,42185,61,14.879,19
52O,42177,62,15.047,19
52O,42175,63,15.201,19
52O,42410,64,15.431,19
52O,42419,65,15.655,19
52O,42417,66,15.812,19
52O,42415,67,16.037,19
52O,42413,68,16.259,19
52O,42011,69,16.463,19
52O,42009,70,16.687,19
52O,42007,71,16.864,19
52O,42004,72,17.31,19
52O,42002,73,17.561,19
52O,42000,74,17.693,19
52O,41998,75,17.901,19
52O,41995,76,18.341,19
52O,41993,77,18.638,19
52O,41991,78,18.82,19
52O,41989,79,19.119,19
52O,41987,80,19.336,19
52O,42139,81,19.655,19
52O,42137,82,19.931,19
52O,42135,83,20.436,19
52O,42133,84,21.199,19
52O,42131,85,21.662,19
52O,42128,86,21.903,19
52O,42126,87,22.221,19
52O,42124,88,22.54,19
52O,42122,89,22.846,19
52O,42120,90,23.126,19
52O,42117,91,23.614,19
52O,42115,92,23.841,19
52O,42113,93,24.113,19
52O,42111,94,24.298,19
52O,42109,95,24.577,19
52O,42106,96,24.911,19
52O,42104,97,25.119,19
52O,42102,98,25.272,19
52O,41394,99,25.576,19
52O,41392,100,25.754,19
52O,46628,101,27.463,19
52O,42170,102,28.122,19
52O,43303,103,28.663,19
52O,46385,104,29.585,19
52O,46630,105,30.499,19
252O,41273,1,0.168,10
252O,42445,2,0.298,10
252O,42446,3,0.434,11
252O,42013,4,0.562,11
252O,42448,5,0.898,11
252O,42460,6,1.104,11
252O,42458,7,1.318,11
252O,42456,8,1.512,11
252O,42453,9,1.677,11
252O,42181,10,1.909,11
252O,42182,11,2.126,11
252O,42183,12,2.321,11
252O,42185,13,2.44,11
252O,42177,14,2.607,11
252O,42175,15,2.761,11
252O,42410,16,2.991,11
252O,42419,17,3.216,11
252O,42417,18,3.372,11
252O,42415,19,3.597,11
252O,42413,20,3.82,11
252O,42011,21,4.023,11
252O,42009,22,4.247,11
252O,42007,23,4.424,11
252O,42004,24,4.87,11
252O,42002,25,5.122,11
252O,42000,26,5.253,11
252O,41998,27,5.461,11
252O,41995,28,5.901,11
252O,41993,29,6.198,11
252O,41991,30,6.38,11
252O,41989,31,6.679,11
252O,41987,32,6.897,11
252O,42139,33,7.215,11
252O,42137,34,7.491,11
252O,42135,35,7.996,11
252O,42133,36,8.759,11
252O,42131,37,9.222,11
252O,42128,38,9.464,11
252O,42126,39,9.781,11
252O,42124,40,10.1,11
252O,42122,41,10.406,11
252O,42120,42,10.686,11
252O,42117,43,11.174,11
252O,42115,44,11.401,11
252O,42113,45,11.673,11
252O,42111,46,11.858,11
252O,42109,47,12.137,11
252O,42106,48,12.471,11
252O,42104,49,12.68,11
252O,42102,50,12.832,11
252O,41394,51,13.136,11
252O,41392,52,13.314,11
252O,46628,53,15.023,11
252O,42170,54,15.682,11
252O,43303,55,16.223,11
252O,46385,56,17.145,11
252O,46630,57,18.06,11
48O,46552,1,0.203,26
48O,46553,2,0.665,28
48O,46554,3,0.79,29
48O,46555,4,1.007,29
48O,46556,5,1.851,29
48O,46557,6,1.987,29
48O,46595,7,2.117,29
48O,46599,8,2.409,29
48O,46376,9,2.92,29
48O,46377,10,3.243,29
48O,46378,11,3.508,29
48O,46379,12,3.732,29
48O,46538,13,3.883,29
48O,46380,14,4.047,29
48O,46381,15,4.233,29
48O,46311,16,4.592,29
48O,46312,17,4.774,29
48O,46110,18,4.921,29
48O,46111,19,5.247,29
48O,46517,20,7.123,29
48O,42879,21,7.426,29
48O,43240,22,7.559,29
48O,46353,23,7.668,29
48O,43241,24,7.995,29
48O,43243,25,8.197,29
48O,43245,26,8.502,29
48O,43234,27,8.857,29
48O,43237,28,8.993,29
48O,41389,29,9.387,29
48O,41387,30,9.596,29
48O,41385,31,9.87,29
48O,41383,32,10.113,29
48O,41381,33,10.286,29
48O,41378,34,10.486,29
48O,41376,35,10.639,29
48O,41374,36,10.886,29
48O,41371,37,11.175,29
48O,41368,38,11.398,29
48O,41366,39,11.619,29
48O,41364,40,11.865,29
48O,41362,41,12.067,29
48O,41358,42,12.562,29
48O,41356,43,12.858,29
48O,41354,44,13.006,29
48O,41352,45,13.133,29
48O,41349,46,13.376,29
48O,41347,47,13.628,29
48O,41345,48,13.837,29
48O,41343,49,14.013,29
48O,41799,50,14.346,29
48O,41797,51,14.619,29
48O,41795,52,14.856,29
48O,41876,53,15.139,29
2O,42794,1,1.536,7
2O,47002,2,2.099,7
2O,41842,3,2.367,7
2O,41865,4,2.644,7
2O,41887,5,2.825,7
2O,41796,6,3.188,7
2O,41798,7,3.37,7
2O,41340,8,3.699,7
2O,41337,9,3.922,7
2O,41335,10,4.094,7
2O,41333,11,4.359,7
2O,41328,12,4.54,7
2O,41326,13,4.839,7
2O,41324,14,5.039,7
2O,41322,15,5.232,7
2O,41391,16,5.627,7
2O,41370,17,5.83,7
60E,41020,1,0.251,18
60E,46021,2,0.528,22
60E,42515,3,0.669,23
60E,42480,4,0.79,23
60E,42511,5,1.043,23
60E,42513,6,1.161,23
60E,42516,7,1.42,23
60E,41416,8,1.708,23
60E,41417,9,1.966,23
60E,41421,10,2.163,23
60E,41424,11,2.515,23
60E,41426,12,2.821,23
60E,42815,13,3.096,23
60E,42816,14,3.391,23
60E,42818,15,3.523,23
60E,46633,16,3.781,23
60E,46356,17,4.03,23
60E,41275,18,4.246,23
60E,41277,19,4.455,23
60E,46243,20,4.759,23
60E,41509,21,5.011,23
60E,45063,22,5.24,23
60E,41504,23,5.55,23
60E,41506,24,5.672,23
60E,43296,25,5.85,23
60E,46470,26,6.11,23
60E,44160,27,6.443,23
60E,41931,28,7.419,23
60E,41964,29,7.734,23
60E,41966,30,7.968,23
60E,41941,31,8.264,23
60E,41958,32,8.663,23
60E,41937,33,8.959,23
60E,43147,34,9.308,23
60E,43249,35,9.622,23
60E,43374,36,9.824,23
60E,43439,37,10.115,23
60E,45028,38,10.266,23
60E,45030,39,10.399,23
60E,42836,40,10.727,23
60E,42839,41,10.895,23
60E,42842,42,11.022,23
60E,42844,43,11.307,23
60E,42847,44,11.751,23
60E,42850,45,11.996,23
60E,42852,46,12.183,23
60E,42854,47,12.665,23
60E,41816,48,12.919,23
60E,41812,49,13.154,23
60E,41810,50,13.382,23
60E,41808,51,13.682,23
60E,41806,52,13.833,23
60E,41803,53,14.113,23
60E,41801,54,14.339,23
60E,41799,55,14.581,23
60E,41797,56,14.854,23
60E,41795,57,15.091,23
60E,41876,58,15.374,23
45S,41893,1,0.54,27
45S,41891,2,0.762,27
45S,41890,3,0.97,27
45S,41888,4,1.109,27
45S,46437,5,1.303,26
45S,41885,6,1.489,27
45S,41883,7,1.759,27
45S,41881,8,2.149,27
45S,41879,9,2.337,27
45S,41877,10,2.542,27
45S,41874,11,2.7,27
45S,41872,12,2.892,27
45S,41870,13,3.171,27
45S,41868,14,3.279,27
45S,41866,15,3.551,27
45S,41863,16,3.814,27
45S,41861,17,4.229,27
45S,43183,18,4.689,27
45S,43184,19,4.84,27
45S,42551,20,5.043,27
45S,45018,21,5.259,27
45S,42553,22,5.424,27
45S,42555,23,5.665,27
45S,41077,24,5.971,27
45S,41078,25,6.12,27
45S,46303,26,6.26,27
45S,42727,27,6.419,27
45S,42729,28,6.753,27
45S,46345,29,6.955,27
45S,46382,30,7.307,27
45S,46512,31,7.76,27
45S,46425,32,8.038,27
45S,46389,33,8.369,27
45S,46094,34,8.649,26
45S,45021,35,8.917,27
45S,45020,36,9.202,27
45S,41740,37,9.395,27
45S,41739,38,9.692,27
45S,46095,39,9.964,27
45S,46096,40,10.821,27
45S,46097,41,11.206,27
45S,41745,42,11.493,27
45S,41743,43,11.87,27
45S,41741,44,12.209,27
45S,42840,45,12.412,27
45S,42841,46,12.59,27
45S,45042,47,12.784,27
45S,43248,48,13.148,27
45S,43900,49,13.303,27
45S,43372,50,13.606,27
45S,46304,51,13.816,27
222E,41842,1,0.493,14
222E,41865,2,0.769,14
222E,41887,3,0.951,14
222E,43196,4,1.132,14
222E,43198,5,1.244,14
222E,43200,6,1.423,14
222E,43202,7,1.602,14
222E,43192,8,1.917,14
222E,43194,9,2.091,14
222E,41556,10,2.282,14
222E,42066,11,2.56,14
222E,41230,12,2.822,14
222E,42068,13,3.102,14
222E,42069,14,3.324,14
222E,42071,15,3.489,14
222E,42073,16,3.736,14
222E,42075,17,3.902,14
222E,42078,18,4.128,14
222E,42080,19,4.303,14
222E,42082,20,4.474,14
222E,42083,21,4.758,14
222E,46327,22,4.988,14
222E,42086,23,5.177,14
222E,42089,24,5.407,14
222E,42090,25,5.554,14
222E,42092,26,5.912,14
222E,42094,27,6.067,14
222E,42096,28,6.402,14
222E,42099,29,6.686,14
222E,42101,30,6.95,14
222E,45065,31,7.244,14
222E,41105,32,7.408,14
222E,41107,33,7.665,14
222E,41109,34,7.816,14
222E,41614,35,8.142,14
222E,41612,36,8.342,14
222E,41609,37,8.553,14
222E,41610,38,8.661,14
222E,42798,39,8.931,14
222E,46399,40,9.183,14
222E,46306,41,9.355,14
222E,45071,42,9.508,14
222E,45074,43,9.927,14
222E,46329,44,10.334,14
222E,45076,45,10.609,14
222E,46395,46,10.852,14
222E,45069,47,11.128,14
222E,46339,48,11.495,14
222E,46032,49,11.697,14
222E,46350,50,12.084,13
222E,46033,51,12.429,14
222E,46483,52,12.74,14
222E,46484,53,12.919,14
222E,46485,54,13.241,14
222E,46486,55,13.623,14
222E,46494,56,13.909,14
222E,46495,57,14.176,14
222E,46487,58,14.45,14
222E,46488,59,14.718,14
222E,46489,60,14.965,14
20E,46648,1,0.182,16
20E,42509,2,0.297,16
20E,42507,3,0.528,17
20E,42505,4,0.727,18
20E,42503,5,1.038,18
20E,42500,6,1.256,18
20E,41057,7,1.494,18
20E,41064,8,1.667,18
20E,41062,9,1.981,18
20E,41060,10,2.206,18
20E,41058,11,2.444,18
20E,42055,12,2.559,18
20E,41730,13,2.82,18
20E,41732,14,2.982,18
20E,41734,15,3.178,18
20E,41736,16,3.348,18
20E,41723,17,3.646,18
20E,41725,18,4.051,18
20E,41727,19,4.413,18
20E,42119,20,4.567,18
20E,42006,21,4.787,18
20E,45046,22,4.95,18
20E,42028,23,5.097,18
20E,42050,24,5.349,18
20E,42053,25,5.669,18
20E,42056,26,5.89,18
20E,42058,27,6.038,18
20E,46347,28,6.223,18
20E,42060,29,6.43,18
20E,42062,30,6.582,18
20E,42065,31,6.844,18
20E,42618,32,7.054,18
20E,42615,33,7.36,18
20E,42613,34,7.553,18
20E,42611,35,7.826,18
20E,42609,36,7.99,18
20E,42607,37,8.125,18
20E,42604,38,8.287,18
20E,42558,39,8.477,18
20E,42601,40,8.623,18
20E,42599,41,8.884,18
20E,42597,42,9.052,18
20E,42594,43,9.221,18
20E,42592,44,9.52,18
20E,42590,45,9.917,18
20E,42588,46,10.119,18
20E,42586,47,10.268,18
20E,42623,48,10.434,18
20E,42621,49,10.614,18
20E,42617,50,10.843,18
20E,42619,51,11.221,18
20E,46418,52,11.388,18
58O,42797,1,0.286,29
58O,41616,2,0.523,30
58O,41611,3,0.672,30
58O,41613,4,0.877,30
58O,41615,5,1.121,30
58O,41101,6,1.22,30
58O,41110,7,1.343,30
58O,41108,8,1.487,30
58O,41106,9,1.761,30
58O,42104,10,2.044,30
58O,42102,11,2.197,30
58O,41394,12,2.501,30
58O,41392,13,2.679,30
58O,41389,14,3.034,30
58O,41387,15,3.243,30
58O,46637,16,3.382,30
58O,42565,17,3.724,30
58O,42567,18,4.084,30
58O,42569,19,4.393,30
58O,42562,20,4.664,30
58O,41983,21,4.889,30
58O,41981,22,5.232,30
58O,41979,23,5.448,30
58O,41977,24,5.699,30
58O,43206,25,5.974,30
58O,43208,26,6.262,30
58O,43210,27,6.503,30
58O,43212,28,6.74,30
58O,43204,29,6.954,30
58O,46154,30,7.152,30
58O,46155,31,7.312,30
58O,46156,32,7.48,30
58O,41145,33,7.589,30
58O,41140,34,7.867,30
58O,42239,35,7.987,30
58O,42240,36,8.066,30
58O,46157,37,8.199,30
58O,46158,38,8.365,30
58O,46159,39,8.447,30
58O,42525,40,8.708,30
58O,42527,41,8.819,30
58O,42529,42,8.99,30
58O,42518,43,9.181,30
58O,42520,44,9.41,30
58O,41354,45,9.564,30
58O,41352,46,9.691,30
58O,41349,47,9.934,30
58O,41347,48,10.186,30
58O,41345,49,10.395,30
58O,41343,50,10.571,30
58O,41799,51,10.904,30
58O,41797,52,11.177,30
58O,41795,53,11.414,30
58O,41876,54,11.697,30
222O,46025,1,0.21,16
222O,46490,2,0.522,17
222O,46491,3,0.695,17
222O,46492,4,1.017,17
222O,46493,5,1.404,17
222O,42187,6,1.696,17
222O,42229,7,1.957,17
222O,46496,8,2.231,17
222O,46497,9,2.497,17
222O,46498,10,2.745,17
222O,45068,11,3.191,17
222O,46333,12,3.467,17
222O,46334,13,3.715,17
222O,46335,14,4.043,17
222O,45072,15,4.423,17
222O,46336,16,4.625,17
222O,46028,17,4.749,17
222O,46029,18,5.247,17
222O,46030,19,5.714,17
222O,46337,20,5.884,17
222O,42797,21,6.331,17
222O,41616,22,6.568,17
222O,41611,23,6.717,17
222O,41613,24,6.923,17
222O,41615,25,7.167,17
222O,41101,26,7.265,17
222O,41110,27,7.389,17
222O,41108,28,7.533,17
222O,41106,29,7.806,17
222O,42104,30,8.09,17
222O,42102,31,8.242,17
222O,42100,32,8.529,17
222O,42098,33,8.802,17
222O,42095,34,9.131,17
222O,42093,35,9.288,17
222O,42091,36,9.636,17
222O,45010,37,9.807,17
222O,42088,38,10.016,17
222O,42085,39,10.197,17
222O,46031,40,10.428,17
222O,42084,41,10.711,17
222O,42081,42,10.885,17
222O,42079,43,11.054,17
222O,42077,44,11.267,17
222O,42074,45,11.464,17
222O,46621,46,11.799,17
222O,42072,47,11.881,17
222O,42070,48,12.075,17
222O,41219,49,12.38,17
222O,42067,50,12.677,17
222O,41557,51,12.925,17
222O,43195,52,13.161,17
222O,43193,53,13.279,17
222O,43191,54,13.592,17
222O,43201,55,13.773,17
222O,43199,56,13.956,17
222O,43197,57,14.069,17
222O,45011,58,14.17,17
222O,41876,59,14.461,17
26O,46018,1,0.521,83
26O,46625,2,0.805,83
26O,46109,3,1.506,83
26O,46019,4,1.887,83
26O,46020,5,2.224,83
26O,46021,6,2.458,83
26O,42515,7,2.599,83
26O,42480,8,2.72,83
26O,42511,9,2.974,83
26O,42513,10,3.091,83
26O,42516,11,3.35,83
26O,42482,12,3.442,83
26O,42484,13,3.613,83
26O,42486,14,3.752,83
26O,42488,15,4.022,83
26O,42490,16,4.116,83
26O,42493,17,4.292,83
26O,42495,18,4.598,83
26O,42497,19,4.831,83
26O,42499,20,4.968,83
26O,42501,21,5.188,83
26O,42504,22,5.493,83
26O,42506,23,5.743,83
26O,42508,24,5.915,83
26O,46606,25,6.16,83
26O,43421,26,6.75,83
26O,43422,27,7.161,83
26O,43423,28,7.456,83
26O,43424,29,7.668,83
26O,43425,30,7.989,83
26O,43019,31,8.194,83
26O,43017,32,8.364,83
26O,43016,33,8.547,83
26O,43067,34,8.818,83
26O,43065,35,9.058,83
26O,43056,36,9.345,83
26O,43028,37,9.48,83
26O,43048,38,9.688,83
26O,43035,39,9.893,83
26O,43020,40,10.064,83
26O,43015,41,10.199,83
26O,41175,42,10.427,83
26O,41177,43,10.676,83
26O,43258,44,10.941,83
26O,41179,45,11.083,83
26O,46532,46,11.212,83
26O,41182,47,11.342,83
26O,41184,48,11.5,83
26O,41186,49,11.815,83
26O,41188,50,12.111,83
26O,41191,51,12.231,83
26O,41194,52,12.433,83
26O,41784,53,12.628,83
26O,41785,54,12.826,83
26O,41787,55,13.075,83
26O,43219,56,13.25,83
26O,43221,57,13.477,83
26O,43223,58,13.678,83
26O,42702,59,13.965,83
144E,41216,1,0.193,37
144E,41694,2,0.619,38
144E,41698,3,0.809,38
144E,41700,4,1.112,38
144E,41702,5,1.363,38
144E,41704,6,1.638,38
144E,46272,7,1.824,38
144E,46273,8,2.127,38
144E,41165,9,2.436,38
144E,41162,10,2.642,38
144E,41160,11,2.842,38
144E,41158,12,3.17,38
144E,43264,13,3.376,38
144E,41156,14,3.549,38
144E,41204,15,3.722,38
144E,41202,16,3.968,38
144E,41192,17,4.2,38
144E,41167,18,4.321,38
144E,41200,19,4.518,38
144E,43039,20,5.289,38
144E,43041,21,5.595,38
144E,43044,22,5.839,38
144E,43046,23,5.996,38
144E,43049,24,6.159,38
144E,43052,25,6.391,38
144E,43054,26,6.67,38
144E,42076,27,6.897,38
144E,42097,28,7.094,38
144E,42119,29,7.296,38
144E,42006,30,7.515,38
144E,45046,31,7.679,38
144E,42028,32,7.826,38
144E,42050,33,8.077,38
144E,42053,34,8.398,38
144E,42056,35,8.619,38
144E,42058,36,8.767,38
144E,41419,37,9.165,38
144E,41894,38,9.936,38
144E,41896,39,11.304,38
24O,41267,1,0.53,40
24O,41221,2,0.65,40
24O,41223,3,0.837,40
24O,41225,4,1.235,40
24O,41227,5,1.39,40
24O,41229,6,1.7,40
24O,41232,7,2.192,40
24O,41234,8,2.38,40
24O,41236,9,2.616,40
24O,41238,10,2.738,40
24O,41240,11,2.89,40
24O,41243,12,3.03,40
24O,41245,13,3.195,40
24O,45043,14,3.497,40
24O,41247,15,3.593,40
24O,41249,16,3.77,40
24O,41251,17,3.927,40
24O,41253,18,4.229,40
24O,41255,19,4.396,40
24O,41257,20,4.535,40
24O,41260,21,4.742,40
24O,41263,22,4.838,40
24O,41461,23,5.152,40
24O,41463,24,5.422,40
24O,43062,25,5.658,40
24O,43060,26,5.856,40
24O,43058,27,6.125,40
24O,43055,28,6.385,40
24O,46009,29,6.651,40
24O,46010,30,6.831,40
24O,43053,31,7.014,40
24O,43051,32,7.18,40
24O,43047,33,7.44,40
24O,43045,34,7.615,40
24O,43042,35,7.811,40
24O,43040,36,8.007,40
24O,43038,37,8.301,40
24O,43033,38,9.005,40
24O,45008,39,9.265,40
24O,43034,40,9.506,40
24O,43030,41,9.73,40
24O,43027,42,10.047,40
24O,43025,43,10.407,40
24O,43023,44,10.654,40
24O,43019,45,10.783,40
37N,41267,1,0.511,32
37N,41221,2,0.632,32
37N,41223,3,0.818,32
37N,42749,4,1.211,32
37N,46083,5,1.5,32
37N,46084,6,1.65,32
37N,46085,7,1.941,32
37N,41008,8,2.287,32
37N,41006,9,2.498,32
37N,41391,10,2.976,32
37N,41928,11,3.226,32
37N,41930,12,3.377,32
37N,41913,13,3.568,32
37N,41915,14,3.806,32
37N,41916,15,4.024,32
37N,41919,16,4.305,32
37N,41921,17,4.406,32
37N,41738,18,4.643,32
37N,41742,19,4.917,32
37N,43011,20,5.161,32
37N,43013,21,5.371,32
37N,41635,22,5.665,32
37N,41646,23,5.967,32
37N,41648,24,6.211,32
37N,41650,25,6.352,32
37N,41652,26,6.613,32
37N,41637,27,6.862,32
37N,41639,28,7.22,32
37N,41641,29,7.472,32
37N,41643,30,7.695,32
37N,41124,31,8.005,32
37N,41126,32,8.183,32
37N,41128,33,8.459,32
37N,41129,34,8.712,32
37N,41121,35,8.878,32
37N,41945,36,9.245,32
37N,41946,37,9.5,32
37N,41948,38,9.673,32
37N,41951,39,9.909,31
37N,41953,40,10.207,32
37N,46600,41,10.673,32
37N,45022,42,10.801,32
37N,45023,43,11.046,32
37N,45024,44,11.244,32
37N,46087,45,11.654,32
45N,41028,1,0.414,22
45N,43249,2,0.564,22
45N,43374,3,0.766,22
45N,43439,4,1.057,22
45N,45028,5,1.208,22
45N,45030,6,1.341,22
45N,42836,7,1.669,22
45N,41738,8,2.177,22
45N,41742,9,2.451,22
45N,41744,10,2.822,22
45N,41746,11,3.117,22
45N,46099,12,3.497,22
45N,46100,13,4.362,22
45N,46101,14,4.602,22
45N,46102,15,4.92,22
45N,46103,16,5.206,22
45N,46104,17,5.41,22
45N,46105,18,5.689,22
45N,46388,19,5.876,22
45N,46426,20,6.097,22
45N,46511,21,6.561,22
45N,46635,22,6.961,22
45N,46344,23,7.36,22
45N,46023,24,7.585,22
45N,42730,25,7.89,22
45N,43419,26,8.04,22
45N,42726,27,8.197,22
45N,41076,28,8.393,22
45N,42557,29,8.653,22
45N,42556,30,8.888,22
45N,45017,31,9.067,22
45N,42554,32,9.273,22
45N,42552,33,9.479,22
45N,43180,34,9.628,22
45N,41860,35,10.13,22
45N,41862,36,10.489,22
45N,41864,37,10.767,22
45N,41867,38,10.937,22
45N,41869,39,11.136,22
45N,41871,40,11.444,22
45N,41873,41,11.648,22
45N,41875,42,11.757,22
45N,41878,43,11.984,22
45N,41880,44,12.166,22
45N,41882,45,12.63,22
45N,41884,46,12.816,22
45N,46438,47,13.033,22
45N,41886,48,13.213,22
45N,41889,49,13.351,22
37S,46069,1,0.183,20
37S,46070,2,0.412,22
37S,46071,3,0.737,24
37S,46072,4,0.956,25
37S,46073,5,1.158,25
37S,46074,6,1.453,25
37S,41959,7,1.877,25
37S,41961,8,2.229,25
37S,41954,9,2.408,25
37S,41955,10,2.663,25
37S,46075,11,2.942,25
37S,46076,12,3.105,25
37S,46077,13,3.373,25
37S,46078,14,3.518,25
37S,46079,15,3.797,25
37S,41127,16,3.88,25
37S,41125,17,4.016,25
37S,41123,18,4.274,25
37S,41642,19,4.514,25
37S,41640,20,4.807,25
37S,41638,21,5.171,25
37S,41636,22,5.366,25
37S,41651,23,5.651,25
37S,41649,24,5.871,25
37S,41647,25,6.039,25
37S,41645,26,6.337,25
37S,41634,27,6.63,25
37S,43014,28,6.835,25
37S,43012,29,7.047,25
37S,41922,30,7.6,25
37S,41920,31,7.75,25
37S,41918,32,8.007,25
37S,41917,33,8.196,25
37S,41914,34,8.426,25
37S,41912,35,8.648,25
37S,41929,36,8.806,25
37S,41380,37,9.124,25
37S,41395,38,9.46,25
37S,41005,39,9.758,25
37S,46080,40,10.163,25
37S,46081,41,10.409,25
37S,46082,42,10.62,25
37S,42752,43,10.791,25
37S,41226,44,10.947,25
37S,41224,45,11.203,25
37S,41222,46,11.46,25
48E,41842,1,0.493,33
48E,41865,2,0.769,33
48E,41887,3,0.951,33
48E,41796,4,1.313,33
48E,41798,5,1.495,33
48E,41800,6,1.715,33
48E,41341,7,1.842,33
48E,41344,8,2.04,33
48E,41346,9,2.29,33
48E,41348,10,2.484,33
48E,41350,11,2.64,33
48E,41353,12,2.847,33
48E,41355,13,3.048,33
48E,41357,14,3.265,33
48E,41359,15,3.504,33
48E,41361,16,3.706,33
48E,41363,17,4.059,33
48E,41365,18,4.245,33
48E,41367,19,4.576,33
48E,41369,20,4.705,33
48E,41372,21,4.96,33
48E,41373,22,5.072,33
48E,41377,23,5.424,33
48E,41379,24,5.568,33
48E,41382,25,5.786,33
48E,41384,26,6.05,33
48E,41386,27,6.287,33
48E,41388,28,6.453,33
48E,43238,29,6.914,33
48E,43242,30,7.031,33
48E,43244,31,7.384,33
48E,43233,32,7.648,33
48E,43235,33,7.886,33
48E,43236,34,7.978,33
48E,41279,35,8.275,33
48E,42880,36,8.412,33
48E,46112,37,10.642,33
48E,46113,38,10.969,33
48E,46313,39,11.115,33
48E,46314,40,11.329,33
48E,46364,41,11.678,33
48E,46365,42,11.858,33
48E,46539,43,12.026,33
48E,46366,44,12.226,33
48E,46367,45,12.461,33
48E,46368,46,12.667,33
48E,46369,47,12.92,33
48E,46370,48,13.001,33
48E,46598,49,13.459,33
48E,46594,50,13.778,33
48E,46544,51,13.917,33
48E,46545,52,14.046,33
48E,46546,53,14.846,33
48E,46547,54,15.06,33
48E,46548,55,15.185,33
925S,41273,1,0.172,9
925S,42445,2,0.302,10
925S,42446,3,0.439,11
925S,42013,4,0.567,11
925S,42448,5,0.902,11
925S,42460,6,1.109,11
925S,42458,7,1.323,11
925S,42456,8,1.517,11
925S,42453,9,1.682,11
925S,42181,10,1.914,11
925S,42182,11,2.13,11
925S,42183,12,2.326,11
925S,42185,13,2.444,11
925S,42177,14,2.612,11
925S,42175,15,2.766,11
925S,42410,16,2.996,11
925S,42419,17,3.22,11
925S,42417,18,3.376,11
925S,42415,19,3.602,11
925S,42413,20,3.824,11
925S,42011,21,4.028,11
925S,42009,22,4.252,11
925S,42007,23,4.428,11
925S,42004,24,4.875,11
925S,42002,25,5.126,11
925S,42000,26,5.258,11
925S,41998,27,5.466,11
925S,41995,28,5.906,11
925S,41993,29,6.203,11
925S,41991,30,6.385,11
925S,41989,31,6.684,11
925S,41987,32,6.901,11
925S,42139,33,7.22,11
925S,42137,34,7.496,11
925S,42135,35,8.001,11
925S,46528,36,10.369,11
925S,46499,37,11.36,11
925S,46513,38,13.052,11
925S,46536,39,13.842,11
925S,46479,40,14.28,11
925S,46480,41,15.244,11
925S,46481,42,15.913,11
63N,41267,1,0.511,28
63N,41221,2,0.632,28
63N,41223,3,0.818,28
63N,41225,4,1.217,28
63N,41227,5,1.372,28
63N,41229,6,1.681,28
63N,41232,7,2.174,28
63N,41234,8,2.361,28
63N,41236,9,2.597,28
63N,41238,10,2.72,28
63N,41240,11,2.871,28
63N,41688,12,3.039,28
63N,41690,13,3.222,28
63N,41692,14,3.377,28
63N,41515,15,3.522,28
63N,41517,16,3.789,28
63N,41519,17,3.91,28
63N,41513,18,4.144,28
63N,41924,19,4.307,28
63N,41370,20,4.726,28
63N,41351,21,4.879,28
63N,43510,22,5.203,28
63N,43506,23,5.375,28
63N,43343,24,5.784,28
63N,43146,25,5.995,28
63N,41957,26,6.332,28
63N,41952,27,6.625,28
63N,41942,28,7.014,28
63N,41965,29,7.458,28
63N,41018,30,7.892,28
63N,44063,31,8.676,27
63N,41962,32,9.784,27
63N,41950,33,10.019,28
63N,41943,34,10.222,28
63N,41945,35,10.867,28
63N,41946,36,11.122,28
63N,41948,37,11.294,28
63N,46187,38,11.558,28
63N,46315,39,11.742,28
63N,46189,40,11.932,28
63N,46190,41,12.237,28
63N,46191,42,12.485,28
63N,46192,43,12.79,28
63N,46193,44,13.135,28
63N,46402,45,13.326,28
63N,42741,46,13.522,28
63N,45041,47,13.693,28
63N,46194,48,13.903,28
63N,46195,49,14.133,28
63N,46196,50,14.331,28
63N,46197,51,14.488,28
63N,46198,52,14.676,28
63N,46199,53,14.912,28
63N,46200,54,15.1,28
63N,46201,55,15.255,28
63N,46202,56,15.532,28
63N,46203,57,15.792,28
63N,46204,58,16.054,28
63N,46205,59,16.293,28
63N,41658,60,16.56,28
63N,42574,61,16.855,28
63N,42576,62,17.111,28
63N,42578,63,17.476,28
63N,42580,64,17.644,28
63N,42886,65,17.894,28
63N,42888,66,18.045,28
63N,42890,67,18.322,28
63N,42893,68,18.507,28
63N,42897,69,18.733,28
73N,41842,1,0.288,40
73N,41865,2,0.564,40
73N,41887,3,0.746,40
73N,41796,4,1.108,40
73N,41798,5,1.29,40
73N,41800,6,1.51,40
73N,41802,7,1.845,40
73N,41804,8,2.034,40
73N,41807,9,2.272,40
73N,41809,10,2.615,40
73N,41811,11,2.755,40
73N,41813,12,3.158,40
73N,41817,13,3.454,40
73N,41820,14,3.705,40
73N,41822,15,3.844,40
73N,41824,16,4.205,40
73N,41826,17,4.394,40
73N,41828,18,5.075,40
73N,41831,19,5.255,40
73N,41839,20,5.512,40
73N,41834,21,5.668,40
73N,41837,22,5.829,40
73N,41833,23,6.216,40
73N,41841,24,6.388,40
73N,41844,25,6.595,40
73N,41846,26,6.912,39
73N,41848,27,7.318,40
73N,41849,28,7.52,40
73N,41852,29,7.869,40
73N,41854,30,8.126,40
73N,41856,31,8.463,40
73N,41858,32,8.679,40
73N,41860,33,8.927,40
73N,41862,34,9.286,40
73N,41864,35,9.564,40
73N,42912,36,9.85,40
73N,42910,37,10.131,40
73N,42907,38,10.309,40
73N,42905,39,10.471,40
73N,42903,40,10.648,40
73N,42901,41,10.959,40
73N,42895,42,11.411,40
73N,42894,43,11.637,40
73N,42891,44,11.866,40
73N,42889,45,12.1,40
73N,42887,46,12.328,40
73N,43009,47,12.503,40
73N,43007,48,12.726,40
73N,43003,49,13.066,40
73N,43001,50,13.346,40
73N,43000,51,13.557,40
73N,42996,52,13.658,40
73N,42994,53,13.872,40
73N,42992,54,14.099,40
73N,42990,55,14.368,40
73N,42988,56,14.665,40
73N,42986,57,14.805,40
73N,46433,58,14.889,40
73N,46435,59,15.191,40
73N,41206,60,15.471,40
73N,42981,61,16.008,40
73N,42979,62,16.417,40
73N,42977,63,16.604,40
73N,42974,64,16.84,40
73N,42972,65,17.277,40
73N,42970,66,17.615,40
73N,42968,67,18.025,40
73N,42966,68,18.27,40
73N,42963,69,18.673,40
73N,42961,70,18.879,40
73N,43981,71,19.092,40
73N,42959,72,19.344,40
73N,42957,73,19.797,40
73N,42955,74,20.082,40
73N,41048,75,20.411,40
73N,41047,76,20.652,40
902S,43295,1,0.418,23
902S,43929,2,0.78,23
902S,43930,3,0.99,23
902S,43931,4,1.096,23
902S,46428,5,1.341,23
902S,46518,6,1.483,23
902S,46519,7,1.872,23
902S,41294,8,2.077,23
902S,46633,9,2.271,23
902S,41290,10,2.441,23
902S,41288,11,2.846,23
902S,41286,12,3.09,23
902S,41284,13,3.36,23
902S,41302,14,3.677,23
902S,41300,15,3.89,23
902S,41298,16,4.052,23
902S,41293,17,4.424,23
902S,41442,18,4.679,23
902S,41419,19,5.055,23
902S,41894,20,5.827,23
902S,41896,21,7.195,23
76O,43343,1,0.574,40
76O,43146,2,0.785,40
76O,41957,3,1.122,40
76O,41952,4,1.415,40
76O,41942,5,1.804,40
76O,41965,6,2.248,40
76O,46268,7,2.576,40
76O,41963,8,2.65,40
76O,41962,9,2.774,40
76O,41950,10,3.009,40
76O,41943,11,3.212,40
76O,41945,12,3.856,40
76O,41946,13,4.111,40
76O,41948,14,4.284,40
76O,41951,15,4.521,40
76O,41953,16,4.818,40
76O,41268,17,5.336,40
76O,45039,18,5.519,40
76O,45040,19,5.831,40
76O,41495,20,6.231,40
76O,46269,21,6.77,40
76O,46270,22,7.452,40
76O,46413,23,7.598,40
76O,46271,24,7.806,40
76O,41555,25,8.025,40
76O,41497,26,8.271,40
76O,41499,27,8.464,40
76O,43417,28,8.849,40
76O,41501,29,9.115,40
76O,41467,30,9.433,40
76O,41468,31,9.796,40
76O,42437,32,9.957,40
76O,42435,33,10.189,40
76O,42432,34,10.448,40
76O,46263,35,10.577,40
76O,42966,36,10.845,40
76O,42963,37,11.248,40
76O,42961,38,11.455,40
76O,43981,39,11.667,40
76O,42959,40,11.919,40
76O,42957,41,12.372,40
76O,42955,42,12.658,40
76O,41048,43,12.987,40
76O,41047,44,13.215,40
76O,43106,45,13.397,40
76O,43104,46,13.574,40
76O,43102,47,13.798,40
76O,41045,48,14.155,40
76O,46325,49,14.325,40
76O,42946,50,14.593,40
76O,42944,51,14.913,40
76O,42942,52,15.067,40
76O,42939,53,15.287,40
76O,42937,54,15.471,40
76O,46604,55,15.69,40
76O,42935,56,15.789,40
76O,42933,57,16.024,40
76O,42930,58,16.14,40
76O,42928,59,16.376,40
76O,42926,60,16.528,40
76O,42924,61,16.666,40
76O,42922,62,16.817,40
76O,42919,63,17.029,40
76O,42917,64,17.207,40
76O,42915,65,17.432,40
76O,42913,66,17.627,40
76O,42896,67,17.855,40
76O,42997,68,18.123,40
76O,42975,69,18.303,40
76O,42953,70,18.486,40
76O,42931,71,18.796,40
76O,42884,72,19.013,40
76O,46639,73,19.339,40
76O,42583,74,19.639,40
76O,41592,75,19.999,40
76O,41589,76,20.163,40
76O,41587,77,20.352,40
76O,41585,78,20.537,40
76O,41581,79,20.901,40
76O,41600,80,21.07,40
76O,41598,81,21.311,40
76O,41596,82,21.508,40
76O,41594,83,21.681,40
76O,41579,84,21.986,40
27S,46344,1,0.384,27
27S,46023,2,0.609,27
27S,42730,3,0.914,27
27S,43419,4,1.064,27
27S,42726,5,1.221,27
27S,41067,6,1.607,27
27S,45015,7,1.784,27
27S,41074,8,2.007,27
27S,41073,9,2.223,27
27S,42696,10,2.335,27
27S,42698,11,2.51,27
27S,42700,12,2.893,27
27S,42694,13,3.155,27
27S,43989,14,3.233,27
27S,43990,15,3.407,27
27S,43991,16,3.614,27
27S,43992,17,3.966,27
27S,43993,18,4.146,27
27S,43994,19,4.293,27
27S,41906,20,4.468,27
27S,41908,21,4.62,27
27S,41910,22,4.9,27
27S,41901,23,5.24,27
27S,41903,24,5.5,27
27S,42706,25,5.721,27
27S,42708,26,5.905,27
27S,42711,27,6.188,27
27S,42714,28,6.401,27
27S,42723,29,6.803,27
27S,42162,30,7.047,27
27S,42161,31,7.31,27
27S,42159,32,7.561,27
27S,42157,33,7.875,27
27S,41132,34,7.988,27
27S,41131,35,8.085,27
27S,41832,36,8.322,27
27S,41830,37,8.438,27
27S,41827,38,9.081,27
27S,41825,39,9.325,27
27S,41823,40,9.581,27
27S,41821,41,9.798,27
27S,41819,42,10.023,27
27S,41815,43,10.257,27
27S,41816,44,10.507,27
27S,41812,45,10.742,27
27S,41810,46,10.97,27
27S,41808,47,11.27,27
27S,41806,48,11.421,27
27S,41803,49,11.701,27
27S,41801,50,11.926,27
27S,41799,51,12.169,27
27S,41797,52,12.441,27
27S,41795,53,12.679,27
27S,41876,54,12.962,27
151N,41899,1,1.846,54
151N,41897,2,2.735,54
151N,41895,3,4.154,54
151N,41431,4,5.193,54
151N,41263,5,5.676,54
151N,41461,6,5.99,54
151N,41463,7,6.26,54
151N,41410,8,6.405,54
151N,41412,9,6.623,54
151N,41414,10,6.95,54
151N,41416,11,7.264,54
151N,41417,12,7.523,54
151N,41421,13,7.719,54
151N,41424,14,8.072,54
151N,41426,15,8.377,54
151N,41428,16,8.609,54
151N,41430,17,8.912,54
151N,41433,18,9.093,54
151N,41435,19,9.32,54
151N,41437,20,9.507,54
151N,41439,21,9.885,54
151N,41441,22,10.071,54
151N,43266,23,10.788,54
151N,41444,24,11.036,54
151N,46424,25,11.271,54
151N,46307,26,11.479,54
151N,41446,27,11.786,54
151N,41448,28,12.04,54
151N,41450,29,12.436,54
151N,43390,30,12.592,54
151N,41452,31,12.809,54
151N,46308,32,13.588,54
151N,41454,33,13.886,54
151N,46620,34,14.134,54
151N,41456,35,14.276,54
151N,41458,36,14.54,54
151N,46317,37,15.014,54
151N,46277,38,15.363,54
151N,46278,39,15.558,54
151N,46319,40,15.998,54
151N,42999,41,16.169,54
151N,43002,42,16.351,54
151N,43004,43,16.66,54
151N,43008,44,16.973,54
151N,42886,45,17.228,54
151N,42888,46,17.38,54
151N,41548,47,17.582,54
151N,41550,48,17.699,54
151N,41552,49,17.842,54
151N,41554,50,18.03,54
151N,41544,51,18.249,54
22O,42378,1,0.276,21
22O,42224,2,0.664,22
22O,42222,3,0.907,22
22O,42220,4,1.177,22
22O,42218,5,1.402,22
22O,46614,6,1.573,22
22O,42216,7,1.717,22
22O,42213,8,2.012,22
22O,42212,9,2.407,22
22O,42209,10,2.896,22
22O,42206,11,3.457,22
22O,42205,12,3.682,22
22O,46387,13,3.835,22
22O,42202,14,4.129,22
22O,46400,15,5.118,22
22O,42199,16,5.72,22
22O,42196,17,5.923,22
22O,43308,18,6.139,22
22O,42192,19,6.259,22
22O,42190,20,6.611,22
22O,46558,21,6.842,22
22O,46559,22,7.237,22
22O,46560,23,7.606,22
22O,46497,24,7.767,22
22O,46498,25,8.014,22
22O,46561,26,8.367,22
22O,46336,27,8.571,22
22O,46028,28,8.696,22
22O,46029,29,9.194,22
22O,46030,30,9.661,22
22O,46337,31,9.831,22
22O,42797,32,10.278,22
22O,41616,33,10.515,22
22O,41611,34,10.664,22
22O,41613,35,10.869,22
22O,41615,36,11.113,22
22O,41101,37,11.212,22
22O,41110,38,11.336,22
22O,41108,39,11.48,22
22O,41106,40,11.753,22
22O,42104,41,12.036,22
22O,42102,42,12.189,22
22O,42100,43,12.475,22
22O,42098,44,12.749,22
22O,42095,45,13.077,22
22O,42093,46,13.234,22
22O,42091,47,13.582,22
22O,45010,48,13.753,22
22O,42088,49,13.963,22
22O,42085,50,14.144,22
22O,46031,51,14.374,22
22O,42084,52,14.657,22
22O,42081,53,14.832,22
22O,42079,54,15.001,22
22O,42077,55,15.213,22
22O,42074,56,15.411,22
22O,46621,57,15.745,22
22O,42072,58,15.827,22
22O,42070,59,16.022,22
22O,41219,60,16.327,22
22O,42067,61,16.623,22
22O,41557,62,16.872,22
22O,43195,63,17.108,22
22O,43193,64,17.226,22
22O,43191,65,17.538,22
22O,43201,66,17.72,22
22O,43199,67,17.903,22
22O,43197,68,18.015,22
22O,45011,69,18.117,22
22O,41876,70,18.408,22
65N,43343,1,0.592,44
65N,43146,2,0.804,44
65N,41957,3,1.141,44
65N,41952,4,1.434,44
65N,41942,5,1.823,44
65N,41965,6,2.266,44
65N,46268,7,2.595,44
65N,41963,8,2.668,44
65N,41962,9,2.793,44
65N,41950,10,3.028,44
65N,41943,11,3.23,44
65N,41945,12,3.875,44
65N,41946,13,4.13,44
65N,41948,14,4.303,44
65N,41951,15,4.539,44
65N,41953,16,4.837,44
65N,41956,17,5.324,44
65N,46222,18,5.51,44
65N,46223,19,5.652,44
65N,46224,20,6.1,44
65N,46225,21,6.258,44
65N,46226,22,6.531,44
65N,46227,23,6.857,44
65N,46228,24,6.997,44
65N,46229,25,7.279,44
65N,42550,26,7.411,44
65N,42531,27,7.554,44
65N,42533,28,7.766,44
65N,42535,29,7.963,44
65N,42537,30,8.138,44
65N,42539,31,8.433,44
65N,42542,32,8.629,44
65N,42548,33,8.849,44
65N,42546,34,9.077,44
65N,42541,35,9.375,44
65N,46445,36,9.597,44
65N,46446,37,9.931,44
65N,46447,38,10.075,44
65N,46448,39,10.309,44
65N,46449,40,10.648,44
65N,46450,41,10.836,44
65N,46451,42,11.076,44
65N,46452,43,11.307,44
65N,46453,44,11.475,44
65N,43403,45,11.749,44
65N,41530,46,12.072,44
65N,41532,47,12.226,44
65N,46317,48,12.457,44
65N,46277,49,12.805,44
65N,41663,50,12.916,44
65N,41665,51,13.069,44
65N,41655,52,13.34,44
65N,41656,53,13.448,44
65N,41658,54,13.645,44
65N,42574,55,13.94,44
65N,42576,56,14.196,44
65N,42578,57,14.561,44
65N,42580,58,14.729,44
65N,42886,59,14.979,44
65N,42888,60,15.13,44
65N,42890,61,15.407,44
65N,42893,62,15.592,44
65N,42897,63,15.818,44
66E,46239,1,0.142,20
66E,46240,2,0.309,23
66E,46241,3,0.557,24
66E,46242,4,0.857,25
66E,41715,5,1.211,25
66E,41713,6,1.409,25
66E,43066,7,1.669,25
66E,43068,8,1.925,25
66E,43018,9,2.111,25
66E,43021,10,2.281,25
66E,43024,11,2.474,25
66E,43026,12,2.676,25
66E,43029,13,3.037,25
66E,43031,14,3.298,25
66E,43032,15,3.573,25
66E,45045,16,3.826,25
66E,43036,17,4.026,25
66E,43039,18,4.774,25
66E,43041,19,5.079,25
66E,43044,20,5.324,25
66E,43046,21,5.481,25
66E,43049,22,5.644,25
66E,41056,23,5.957,25
66E,41059,24,6.175,25
66E,41061,25,6.38,25
66E,41063,26,6.719,25
66E,42498,27,6.981,25
66E,42496,28,7.137,25
66E,42494,29,7.408,25
66E,42492,30,7.589,25
66E,42489,31,7.666,25
66E,42487,32,7.949,25
66E,42485,33,8.094,25
66E,42483,34,8.252,25
66E,42481,35,8.414,25
66E,42514,36,8.585,25
66E,42512,37,8.794,25
66E,42510,38,8.923,25
66E,41301,39,9.26,25
66E,41303,40,9.568,25
66E,41285,41,9.739,25
66E,41291,42,9.887,25
66E,41287,43,10.089,25
66E,46603,44,10.248,25
66E,41289,45,10.462,25
66E,41292,46,10.706,25
66E,42822,47,10.877,25
66E,42825,48,11.013,25
66E,41509,49,11.519,25
66E,45063,50,11.748,25
66E,41504,51,12.058,25
66E,41506,52,12.18,25
66E,43296,53,12.358,25
39S,41893,1,0.54,32
39S,41891,2,0.762,32
39S,41890,3,0.97,32
39S,41888,4,1.109,29
39S,46437,5,1.303,30
39S,41885,6,1.489,32
39S,41883,7,1.759,32
39S,41881,8,2.149,32
39S,41879,9,2.337,32
39S,41877,10,2.542,32
39S,41874,11,2.7,32
39S,41872,12,2.892,32
39S,41870,13,3.171,32
39S,41868,14,3.279,32
39S,41866,15,3.551,32
39S,41863,16,3.814,32
39S,41861,17,4.229,32
39S,41859,18,4.43,32
39S,41857,19,4.688,32
39S,41855,20,4.983,32
39S,41853,21,5.282,32
39S,41851,22,5.625,32
39S,45016,23,6.035,32
39S,41089,24,6.258,32
39S,41091,25,6.518,32
39S,41093,26,6.749,32
39S,41095,27,7.061,32
39S,41084,28,7.266,32
39S,42704,29,7.728,32
39S,42706,30,7.941,32
39S,42708,31,8.125,32
39S,42711,32,8.408,32
39S,42714,33,8.621,32
39S,42723,34,9.023,32
39S,42162,35,9.267,32
39S,42161,36,9.531,32
39S,42159,37,9.782,32
39S,42157,38,10.096,32
39S,41132,39,10.209,32
39S,41131,40,10.305,32
39S,41832,41,10.542,32
39S,41830,42,10.658,32
39S,41827,43,11.301,32
39S,41825,44,11.545,32
39S,41823,45,11.801,32
39S,41821,46,12.018,32
39S,41819,47,12.243,32
39S,41815,48,12.478,32
39S,42855,49,12.614,32
39S,42853,50,13.043,32
39S,42851,51,13.25,32
39S,42849,52,13.535,32
39S,41922,53,14.262,32
39S,41920,54,14.412,32
39S,41918,55,14.669,32
39S,41917,56,14.858,32
39S,41914,57,15.088,32
39S,43152,58,15.41,32
39S,46444,59,15.685,32
39S,46443,60,15.904,32
39S,48139,61,16.112,32
39S,43343,62,16.81,32
39S,43146,63,17.021,32
39S,41957,64,17.358,32
39S,41952,65,17.651,32
39S,41942,66,18.04,32
39S,41965,67,18.484,32
52E,41706,1,1.735,21
52E,46631,2,2.592,21
52E,46384,3,3.626,21
52E,43302,4,4.462,21
52E,42584,5,5.2,21
52E,46629,6,5.679,21
52E,41393,7,7.171,21
52E,42101,8,7.464,21
52E,42103,9,7.683,21
52E,42105,10,7.879,21
52E,42107,11,8.132,21
52E,42110,12,8.452,21
52E,42112,13,8.715,21
52E,42114,14,8.916,21
52E,42116,15,9.163,21
52E,42118,16,9.631,21
52E,42121,17,9.983,21
52E,42123,18,10.193,21
52E,42125,19,10.535,21
52E,42127,20,10.859,21
52E,42129,21,11.067,21
52E,42132,22,11.564,21
52E,42134,23,12.294,21
52E,42136,24,12.82,21
52E,42138,25,13.077,21
52E,42140,26,13.412,21
52E,41988,27,13.625,21
52E,41990,28,13.913,21
52E,41992,29,14.09,21
52E,41994,30,14.446,21
52E,41996,31,14.834,21
52E,41999,32,15.051,21
52E,42001,33,15.201,21
52E,42003,34,15.43,21
52E,42005,35,15.872,21
52E,42008,36,16.049,21
52E,42010,37,16.271,21
52E,42409,38,16.552,21
52E,42414,39,16.706,21
52E,42416,40,16.935,21
52E,42418,41,17.088,21
52E,42420,42,17.318,21
52E,42411,43,17.546,21
52E,42412,44,17.71,21
52E,42178,45,17.861,21
52E,42179,46,17.98,21
52E,42180,47,18.133,21
52E,42184,48,18.461,21
52E,42447,49,18.606,21
52E,42455,50,18.779,21
52E,42457,51,19.058,21
52E,42459,52,19.17,21
52E,42461,53,19.441,21
52E,42014,54,19.722,21
52E,42016,55,20.045,21
52E,42019,56,20.193,21
52E,42021,57,20.457,21
52E,42023,58,20.689,21
52E,42025,59,20.867,21
52E,42027,60,21.062,21
52E,42030,61,21.23,21
52E,42032,62,21.468,21
52E,42034,63,21.696,21
52E,42036,64,21.964,21
52E,42038,65,22.1,21
52E,42041,66,22.35,21
52E,42043,67,22.688,21
52E,42045,68,22.996,21
52E,42047,69,23.68,21
52E,42049,70,23.904,21
52E,42259,71,24.207,21
52E,42333,72,24.529,21
52E,42355,73,24.88,21
52E,42377,74,25.03,21
52E,42399,75,25.545,21
52E,42271,76,25.84,21
52E,42293,77,25.973,21
52E,42316,78,26.179,21
52E,42319,79,26.377,21
52E,42321,80,26.604,21
52E,42324,81,26.785,21
52E,42326,82,26.907,21
52E,42328,83,27.207,21
52E,42330,84,27.415,21
52E,42332,85,27.671,21
52E,42335,86,27.897,21
52E,42337,87,28.208,20
52E,42339,88,28.475,20
52E,42341,89,28.719,20
52E,42343,90,29.039,20
52E,42346,91,29.33,20
52E,42348,92,29.489,20
52E,42350,93,29.888,20
52E,42352,94,30.262,20
52E,42354,95,30.443,20
52E,42357,96,30.611,20
52E,42359,97,30.816,20
52E,42361,98,31.02,20
52E,42363,99,31.275,20
52E,42365,100,31.426,20
52E,42368,101,31.588,20
52E,42370,102,31.843,20
52E,42372,103,32.024,20
52E,42374,104,32.137,21
61N,43343,1,0.592,26
61N,43146,2,0.804,26
61N,41957,3,1.141,26
61N,41952,4,1.434,26
61N,42833,5,1.665,26
61N,43380,6,2.501,26
61N,43381,7,2.67,26
61N,43980,8,2.831,26
61N,46530,9,3.034,26
61N,43382,10,3.236,26
61N,43383,11,3.464,26
61N,44061,12,3.716,26
61N,43295,13,4.283,26
61N,41510,14,4.71,26
61N,41770,15,5.101,26
61N,43405,16,5.333,26
61N,41772,17,5.503,26
61N,41296,18,6.289,26
61N,41605,19,6.567,26
61N,41603,20,6.741,26
61N,46535,21,6.966,26
61N,45027,22,7.174,26
61N,41608,23,7.587,26
61N,46424,24,7.803,26
61N,46307,25,8.012,26
61N,41446,26,8.318,26
61N,41448,27,8.572,26
61N,41450,28,8.968,26
61N,46326,29,9.55,26
61N,41678,30,9.676,26
61N,41676,31,9.852,26
61N,41674,32,10.112,26
61N,41672,33,10.446,26
61N,41670,34,10.664,26
61N,41685,35,10.933,26
61N,41682,36,11.092,26
61N,41632,37,11.46,26
61N,41630,38,11.759,26
61N,41306,39,11.964,26
61N,41304,40,12.246,26
61N,41309,41,12.387,26
61N,41311,42,12.607,26
61N,41683,43,12.767,26
61N,41681,44,12.908,26
61N,42431,45,13.162,26
61N,42434,46,13.389,26
61N,42436,47,13.525,26
61N,41472,48,13.711,26
61N,41474,49,14.001,26
61N,41759,50,14.276,26
61N,41761,51,14.442,26
61N,41763,52,14.677,26
61N,41765,53,14.828,26
61N,41767,54,14.988,26
61N,41777,55,15.315,26
41S,43183,1,0.394,4
41S,43184,2,0.544,4
41S,42551,3,0.748,4
41S,45018,4,0.963,4
41S,42553,5,1.129,4
41S,42555,6,1.369,4
41S,41077,7,1.675,4
41S,41078,8,1.824,4
41S,46303,9,1.964,4
41S,42727,10,2.123,4
41S,42729,11,2.457,4
41S,41085,12,2.71,4
41S,41087,13,2.919,4
41S,45016,14,3.108,4
41S,41089,15,3.331,4
41S,41091,16,3.591,4
41S,41093,17,3.823,4
41S,41095,18,4.134,4
41S,41084,19,4.339,4
41S,42704,20,4.802,4
41S,42706,21,5.015,4
41S,42708,22,5.198,4
41S,42711,23,5.482,4
41S,41487,24,5.916,4
41S,41489,25,6.201,4
41S,41843,26,6.792,4
41S,41835,27,7.002,4
41S,41838,28,7.353,4
41S,41836,29,7.544,4
41S,41840,30,7.698,4
41S,41832,31,7.993,4
41S,41830,32,8.109,4
41S,41827,33,8.752,4
41S,41825,34,8.996,4
41S,41823,35,9.252,4
41S,41821,36,9.469,4
41S,41819,37,9.694,4
41S,41815,38,9.928,4
41S,41816,39,10.178,4
41S,41812,40,10.413,4
41S,41810,41,10.641,4
41S,41808,42,10.941,4
41S,41806,43,11.092,4
41S,41803,44,11.372,4
41S,41801,45,11.598,4
41S,41799,46,11.84,4
41S,41797,47,12.113,4
41S,41795,48,12.35,4
41S,41876,49,12.633,4
42E,43295,1,0.418,67
42E,41505,2,0.785,67
42E,41502,3,1.057,67
42E,45058,4,1.371,67
42E,42828,5,1.876,67
42E,42830,6,2.063,67
42E,46422,7,2.25,67
42E,42832,8,2.947,67
42E,41958,9,3.23,67
42E,41937,10,3.526,67
42E,43147,11,3.875,67
42E,43148,12,4.073,67
42E,43507,13,4.375,67
42E,43509,14,4.587,67
42E,41342,15,4.851,67
42E,41360,16,5.026,67
42E,41380,17,5.311,67
42E,41395,18,5.646,67
42E,41323,19,5.89,67
42E,41325,20,6.048,67
42E,41327,21,6.348,67
42E,41331,22,6.642,67
42E,41334,23,6.81,67
42E,41336,24,6.954,67
42E,41338,25,7.106,67
42E,41339,26,7.268,67
42E,41341,27,7.383,67
42E,41344,28,7.581,67
42E,41346,29,7.831,67
42E,41348,30,8.025,67
42E,41350,31,8.181,67
42E,41353,32,8.388,67
42E,41355,33,8.589,67
42E,41357,34,8.806,67
42E,41359,35,9.045,67
42E,41361,36,9.247,67
42E,41363,37,9.6,67
42E,41365,38,9.786,67
42E,41367,39,10.117,67
42E,41369,40,10.246,67
42E,41372,41,10.5,67
42E,41373,42,10.613,67
42E,41377,43,10.965,67
42E,41379,44,11.109,67
42E,41382,45,11.327,67
42E,41384,46,11.591,67
42E,41386,47,11.827,67
42E,41388,48,11.994,67
42E,41390,49,12.363,67
42E,41393,50,12.571,67
42E,42101,51,12.864,67
42E,42103,52,13.084,67
42E,42105,53,13.279,67
42E,42107,54,13.532,67
42E,42110,55,13.852,67
42E,42112,56,14.115,67
42E,42114,57,14.316,67
42E,42116,58,14.563,67
42E,42118,59,15.031,67
42E,42121,60,15.383,67
42E,42123,61,15.593,67
42E,42125,62,15.935,67
42E,42127,63,16.259,67
42E,42129,64,16.467,67
42E,42132,65,16.965,67
42E,42134,66,17.694,67
42E,42136,67,18.22,67
42E,42138,68,18.477,67
42E,42140,69,18.812,67
42E,41988,70,19.025,67
42E,41990,71,19.313,67
42E,41992,72,19.49,67
42E,41994,73,19.846,67
42E,41996,74,20.234,67
42E,41999,75,20.451,67
42E,42001,76,20.601,67
42E,42003,77,20.831,67
42E,42005,78,21.273,67
42E,42008,79,21.449,67
42E,42010,80,21.671,67
42E,42409,81,21.953,67
42E,42414,82,22.106,67
42E,42416,83,22.335,67
42E,42418,84,22.488,67
42E,42420,85,22.718,67
42E,42411,86,22.946,67
42E,42412,87,23.111,67
42E,42178,88,23.262,67
42E,42179,89,23.381,67
42E,42180,90,23.533,67
42E,42184,91,23.861,67
42E,42451,92,24.136,67
42E,45060,93,24.347,66
42E,42452,94,24.551,66
42E,42454,95,24.824,66
42E,42447,96,24.976,59
42E,42455,97,25.15,66
42E,42457,98,25.428,67
17N,41842,1,0.269,41
17N,41865,2,0.545,41
17N,41887,3,0.727,41
17N,41796,4,1.089,41
17N,41798,5,1.271,41
17N,41800,6,1.491,41
17N,41802,7,1.826,41
17N,41804,8,2.015,41
17N,41807,9,2.253,41
17N,41809,10,2.596,41
17N,41811,11,2.736,41
17N,41813,12,3.139,41
17N,41817,13,3.435,41
17N,41820,14,3.686,41
17N,41822,15,3.825,41
17N,41824,16,4.186,41
17N,41826,17,4.375,41
17N,41828,18,5.056,41
17N,41831,19,5.236,41
17N,41839,20,5.493,41
17N,41834,21,5.649,41
17N,41837,22,5.81,41
17N,41833,23,6.197,41
17N,41841,24,6.368,41
17N,41844,25,6.576,41
17N,41846,26,6.893,41
17N,41848,27,7.299,41
17N,41849,28,7.501,41
17N,41852,29,7.85,41
17N,41854,30,8.107,41
17N,41856,31,8.444,41
17N,41858,32,8.66,41
17N,41860,33,8.908,41
17N,41862,34,9.267,41
17N,41864,35,9.545,41
17N,41867,36,9.715,41
17N,41869,37,9.914,41
17N,41871,38,10.222,41
17N,41873,39,10.426,41
17N,41875,40,10.535,41
17N,41878,41,10.762,41
17N,41880,42,10.944,41
17N,41882,43,11.408,41
17N,41884,44,11.594,41
17N,46438,45,11.811,41
17N,41886,46,11.991,41
17N,41889,47,12.129,41
17N,41070,48,12.306,41
60O,41842,1,0.437,20
60O,41865,2,0.713,20
60O,41887,3,0.895,20
60O,41796,4,1.257,20
60O,41798,5,1.439,20
60O,41800,6,1.659,20
60O,41802,7,1.994,20
60O,41804,8,2.183,20
60O,41807,9,2.421,20
60O,41809,10,2.764,20
60O,41811,11,2.904,20
60O,42855,12,3.477,20
60O,42853,13,3.906,20
60O,42851,14,4.113,20
60O,42849,15,4.398,20
60O,42845,16,4.82,20
60O,42843,17,4.994,20
60O,42840,18,5.19,20
60O,42841,19,5.367,18
60O,45042,20,5.562,20
60O,43248,21,5.925,20
60O,43900,22,6.08,20
60O,43372,23,6.384,20
60O,43343,24,6.68,20
60O,43146,25,6.892,20
60O,41957,26,7.229,20
60O,41952,27,7.522,20
60O,41942,28,7.911,20
60O,41965,29,8.355,20
60O,41932,30,8.788,20
60O,44060,31,9.719,19
60O,43295,32,10.097,20
60O,41505,33,10.464,20
60O,41502,34,10.736,20
60O,45058,35,11.05,20
60O,41508,36,11.28,20
60O,46328,37,11.491,20
60O,41278,38,11.764,20
60O,41276,39,11.982,20
60O,41274,40,12.18,20
60O,42820,41,12.674,20
60O,42817,42,12.87,20
60O,42812,43,13.16,20
60O,41423,44,13.514,20
60O,41425,45,13.709,20
60O,41422,46,14.087,20
60O,41420,47,14.261,20
60O,41418,48,14.535,20
60O,42481,49,14.902,20
60O,42514,50,15.073,20
60O,42512,51,15.282,20
60O,42510,52,15.411,20
60O,41620,53,15.851,20
942O,41273,1,0.174,4
942O,42445,2,0.304,4
942O,42446,3,0.44,4
942O,42013,4,0.568,4
942O,42448,5,0.904,4
942O,42460,6,1.11,4
942O,42458,7,1.324,4
942O,42456,8,1.518,4
942O,42453,9,1.683,4
942O,42181,10,1.915,4
942O,42182,11,2.132,4
942O,42183,12,2.327,4
942O,42185,13,2.446,4
942O,42177,14,2.613,4
942O,42175,15,2.767,4
942O,42410,16,2.997,4
942O,42419,17,3.222,4
942O,42417,18,3.378,4
942O,42415,19,3.603,4
942O,42413,20,3.826,4
942O,42011,21,4.029,4
942O,42009,22,4.253,4
942O,42007,23,4.43,4
942O,42004,24,4.876,4
942O,42002,25,5.128,4
942O,42000,26,5.259,4
942O,41998,27,5.467,4
942O,41995,28,5.907,4
942O,41993,29,6.204,4
942O,41991,30,6.386,4
942O,41989,31,6.685,4
942O,41987,32,6.903,4
942O,42139,33,7.221,4
942O,42137,34,7.497,4
942O,42135,35,8.038,4
942O,46096,36,23.031,4
942O,41743,37,24.08,4
33N,41267,1,0.511,22
33N,41221,2,0.632,22
33N,41223,3,0.818,22
33N,46611,4,1.177,22
33N,46612,5,1.278,22
33N,46627,6,1.447,22
33N,42753,7,1.673,22
33N,42755,8,1.811,22
33N,42757,9,2.083,22
33N,42759,10,2.364,22
33N,42751,11,2.483,22
33N,41333,12,2.686,22
33N,41328,13,2.867,22
33N,41039,14,3.095,22
33N,41041,15,3.428,22
33N,41147,16,3.756,22
33N,41149,17,3.942,22
33N,41153,18,4.194,22
33N,43185,19,4.315,22
33N,43187,20,4.625,22
33N,41794,21,4.807,22
33N,41154,22,5.036,22
33N,43228,23,5.118,22
33N,43227,24,5.331,22
33N,43226,25,5.564,22
33N,43232,26,5.872,22
33N,43231,27,6.088,22
33N,43230,28,6.25,22
33N,43229,29,6.473,22
33N,43246,30,6.63,22
33N,42245,31,6.797,22
33N,42244,32,6.964,22
33N,46058,33,7.148,22
33N,46059,34,7.51,22
33N,46060,35,7.803,22
33N,43160,36,7.997,22
33N,43161,37,8.369,22
33N,46440,38,8.681,22
33N,42846,39,8.853,22
33N,46062,40,9.001,22
33N,46063,41,9.267,22
33N,46064,42,9.502,22
33N,46065,43,9.727,22
33N,46320,44,9.911,22
33N,46066,45,10.081,22
33N,46067,46,10.306,22
33N,46068,47,10.727,22
33N,41391,48,11.094,22
33N,41370,49,11.297,22
36E,46564,1,0.4,10
36E,46565,2,0.525,10
36E,46566,3,0.711,10
36E,46567,4,0.933,10
36E,46568,5,1.234,10
36E,46569,6,1.553,10
36E,41968,7,1.649,10
36E,41970,8,1.875,10
36E,41972,9,2.045,10
36E,41974,10,2.248,10
36E,41618,11,2.532,10
36E,46570,12,2.956,10
36E,46571,13,3.219,9
36E,46572,14,3.442,10
36E,46573,15,3.757,10
36E,46574,16,3.976,10
36E,46575,17,4.318,10
36E,46576,18,4.546,10
36E,42498,19,4.869,10
36E,42496,20,5.026,10
36E,42494,21,5.296,10
36E,42492,22,5.477,10
36E,42489,23,5.555,10
36E,42487,24,5.838,10
36E,42485,25,5.983,10
36E,42483,26,6.14,10
36E,42481,27,6.303,10
36E,42514,28,6.473,10
36E,42512,29,6.683,10
36E,42510,30,6.812,10
36E,42491,31,7.039,10
36E,46012,32,7.247,10
36E,46013,33,7.475,10
36E,46014,34,7.845,10
36E,46015,35,8.137,10
55N,41708,1,2.47,25
55N,46616,2,2.777,25
55N,43411,3,4.182,25
55N,41669,4,5.549,25
55N,41666,5,6.142,25
55N,41667,6,6.746,25
55N,41431,7,8.048,25
55N,41283,8,8.387,25
55N,46591,9,8.51,25
55N,41297,10,8.794,25
55N,41299,11,8.956,25
55N,41301,12,9.217,25
55N,41303,13,9.525,25
55N,41285,14,9.696,25
55N,41291,15,9.843,25
55N,41287,16,10.046,25
55N,46603,17,10.204,25
55N,41289,18,10.418,25
55N,42820,19,10.892,25
55N,42817,20,11.088,25
55N,42812,21,11.378,25
55N,41428,22,11.677,25
55N,41430,23,11.98,25
55N,46390,24,12.405,25
55N,42148,25,12.497,25
55N,42146,26,12.806,25
55N,42150,27,12.884,25
55N,42141,28,13.141,25
55N,42143,29,13.288,25
55N,41617,30,13.6,25
55N,41967,31,13.812,24
55N,41969,32,13.973,24
55N,41971,33,14.202,24
55N,41973,34,14.293,24
55N,41314,35,14.65,25
55N,41316,36,14.84,25
55N,41318,37,15.035,25
55N,41320,38,15.19,25
55N,41441,39,15.439,25
55N,43266,40,16.156,25
55N,41444,41,16.403,25
55N,46424,42,16.638,25
55N,46307,43,16.847,25
55N,41573,44,17.257,25
55N,41576,45,17.41,25
55N,41577,46,17.81,25
55N,41570,47,17.985,25
55N,41572,48,18.142,25
55N,41560,49,18.298,25
55N,41562,50,18.446,25
55N,41564,51,18.648,25
55N,41566,52,18.922,25
55N,41568,53,19.167,25
55N,41747,54,19.363,25
55N,41749,55,19.487,25
55N,41751,56,19.818,25
55N,41474,57,20.026,25
55N,41476,58,20.221,25
55N,41479,59,20.518,25
55N,41481,60,21.318,25
55N,46130,61,21.613,25
55N,46131,62,22.082,25
55N,46132,63,22.564,25
55N,46651,64,22.829,25
55N,46133,65,23.191,25
55N,46134,66,23.393,25
55N,46135,67,23.606,25
55N,46341,68,23.929,25
55N,46136,69,24.171,25
55N,46137,70,24.469,25
55N,46138,71,24.889,25
55N,43081,72,25.191,25
58E,41842,1,0.511,32
58E,41865,2,0.787,32
58E,41887,3,0.969,32
58E,41796,4,1.332,30
58E,41798,5,1.513,32
58E,41800,6,1.734,32
58E,41341,7,1.861,32
58E,41344,8,2.059,32
58E,41346,9,2.308,32
58E,41348,10,2.502,32
58E,41350,11,2.659,32
58E,41353,12,2.865,32
58E,42521,13,3.096,32
58E,42519,14,3.297,32
58E,42517,15,3.476,32
58E,42528,16,3.649,32
58E,42526,17,3.757,32
58E,42524,18,4.022,32
58E,46160,19,4.101,32
58E,46161,20,4.265,32
58E,46162,21,4.404,32
58E,42238,22,4.483,32
58E,41146,23,4.634,32
58E,41144,24,4.882,32
58E,46163,25,4.994,32
58E,46164,26,5.162,32
58E,46165,27,5.321,32
58E,43391,28,5.502,32
58E,43203,29,5.731,32
58E,43211,30,5.965,32
58E,43209,31,6.199,32
58E,43207,32,6.495,32
58E,43205,33,6.765,32
58E,41975,34,7.028,32
58E,41978,35,7.296,32
58E,41980,36,7.599,32
58E,41982,37,7.798,32
58E,42561,38,8.074,32
58E,42568,39,8.374,32
58E,42566,40,8.737,32
58E,46636,41,9.088,32
58E,41386,42,9.243,32
58E,41388,43,9.41,32
58E,41390,44,9.779,32
58E,41393,45,9.987,32
58E,42101,46,10.28,32
58E,45065,47,10.574,32
58E,41105,48,10.738,32
58E,41107,49,10.995,32
58E,41109,50,11.146,32
58E,41614,51,11.472,32
58E,41612,52,11.672,32
58E,41609,53,11.882,32
58E,41610,54,11.991,32
901S,42452,1,0.206,6
901S,42454,2,0.479,6
901S,42447,3,0.631,6
901S,42455,4,0.805,6
901S,42457,5,1.083,6
901S,42459,6,1.195,6
901S,41272,7,1.43,6
901S,41273,8,1.602,6
901S,46300,9,1.925,6
901S,42416,10,2.113,6
901S,42418,11,2.266,6
901S,42420,12,2.496,6
901S,42411,13,2.724,6
901S,41212,14,2.887,6
901S,41710,15,3.201,6
74E,41842,1,0.288,21
74E,41865,2,0.564,21
74E,41887,3,0.746,21
74E,41796,4,1.108,21
74E,41798,5,1.29,21
74E,41800,6,1.51,21
74E,41802,7,1.845,21
74E,41804,8,2.034,21
74E,41807,9,2.272,21
74E,41809,10,2.615,21
74E,41811,11,2.755,21
74E,41813,12,3.158,21
74E,41817,13,3.454,21
74E,41820,14,3.705,21
74E,41822,15,3.844,21
74E,41824,16,4.205,21
74E,41826,17,4.394,21
74E,41828,18,5.075,21
74E,41831,19,5.255,21
74E,41839,20,5.512,21
74E,41834,21,5.668,21
74E,41837,22,5.829,21
74E,41833,23,6.216,21
74E,41841,24,6.388,21
74E,41844,25,6.595,21
74E,41846,26,6.912,21
74E,41848,27,7.318,21
74E,41849,28,7.52,21
74E,41852,29,7.869,21
74E,41854,30,8.126,21
74E,41856,31,8.463,21
74E,42679,32,8.731,21
74E,42686,33,8.888,21
74E,42688,34,9.16,21
74E,42690,35,9.404,21
74E,42692,36,9.562,21
74E,42681,37,9.806,21
74E,42683,38,10.052,21
74E,42581,39,10.213,21
74E,42625,40,10.37,21
74E,42634,41,10.576,21
74E,42636,42,10.779,21
74E,42638,43,11.008,21
74E,42627,44,11.294,21
74E,42629,45,11.493,21
74E,42631,46,11.849,21
74E,46438,47,12.134,21
74E,41886,48,12.314,21
74E,41889,49,12.452,21
74E,41070,50,12.629,21
74E,46343,51,12.815,21
74E,43397,52,13.24,21
74E,42313,53,13.552,21
74E,42311,54,14.077,21
74E,42309,55,14.325,21
74E,42307,56,14.598,21
74E,42304,57,14.839,21
74E,42302,58,15.363,21
74E,42299,59,15.54,21
74E,42300,60,16.048,20
74E,42297,61,16.392,21
74E,42294,62,16.561,21
74E,42291,63,16.876,21
74E,42289,64,17.121,21
74E,42287,65,17.246,21
74E,42285,66,17.485,21
74E,42283,67,17.733,21
74E,42280,68,18.009,21
74E,42278,69,18.203,21
74E,42276,70,18.351,21
74E,42274,71,18.543,21
74E,42272,72,18.765,21
74E,42269,73,19.001,21
74E,42267,74,19.128,21
74E,42265,75,19.331,21
74E,42263,76,19.571,21
74E,42261,77,19.714,21
74E,42407,78,19.897,21
74E,42405,79,20.254,21
74E,42403,80,20.41,21
74E,42401,81,20.725,21
74E,42398,82,20.931,21
74E,42397,83,21.525,21
74E,42395,84,21.814,21
74E,42393,85,21.971,21
74E,42391,86,22.327,21
74E,42389,87,22.891,21
74E,42386,88,23.137,21
74E,42384,89,23.368,21
74E,42382,90,23.52,21
70O,41842,1,0.511,30
70O,41865,2,0.787,30
70O,41887,3,0.969,30
70O,41796,4,1.332,30
70O,41798,5,1.513,30
70O,41800,6,1.734,30
70O,41341,7,1.861,30
70O,41344,8,2.059,30
70O,41346,9,2.308,30
70O,41348,10,2.502,30
70O,41350,11,2.659,30
70O,41353,12,2.865,30
70O,42521,13,3.096,30
70O,42519,14,3.297,30
70O,42517,15,3.476,30
70O,42528,16,3.649,30
70O,42526,17,3.757,30
70O,42524,18,4.022,30
70O,42522,19,4.407,30
70O,46262,20,4.882,30
70O,45031,21,5.245,30
70O,42705,22,8.856,30
70O,42719,23,9.0,30
70O,42721,24,9.209,30
70O,41754,25,9.507,30
70O,41756,26,9.668,30
70O,41758,27,9.888,30
70O,42422,28,10.122,30
70O,42424,29,10.308,30
70O,42426,30,10.495,16
70O,42473,31,10.754,12
70O,42475,32,11.007,12
70O,42477,33,11.249,12
70O,42479,34,11.414,30
70O,42467,35,11.595,30
70O,42469,36,11.744,30
70O,42471,37,11.985,30
70O,42785,38,12.116,30
70O,42787,39,12.375,30
70O,42789,40,12.801,30
70O,42767,41,13.077,30
70O,42769,42,13.259,30
70O,42771,43,13.547,30
70O,42773,44,13.764,30
70O,42775,45,13.937,30
70O,42777,46,14.195,30
70O,42779,47,14.392,30
70O,43162,48,14.606,30
70O,42782,49,14.978,30
70O,42784,50,15.167,30
70O,42251,51,15.532,30
70O,42254,52,15.726,30
70O,42256,53,15.913,30
70O,42258,54,16.196,30
70O,42247,55,16.401,30
70O,42248,56,16.575,30
70O,42249,57,16.792,30
70O,41961,58,16.95,30
70O,41954,59,17.129,30
70O,46602,60,17.369,30
70O,43939,61,17.489,30
70O,43921,62,17.759,30
70O,43922,63,18.258,30
70O,46504,64,18.607,30
70O,46503,65,18.962,30
70O,43923,66,19.334,30
70O,43924,67,19.45,30
70O,46412,68,19.651,30
70O,43984,69,19.851,30
70O,41295,70,19.999,30
70O,43920,71,20.75,30
70O,43925,72,21.252,30
70O,43927,73,21.471,30
70O,43928,74,21.599,30
70O,43296,75,21.763,30
70O,46470,76,22.023,30
70O,44170,77,22.582,30
70O,43385,78,22.782,30
70O,43386,79,22.976,30
70O,46531,80,23.168,30
70O,43979,81,23.402,30
70O,43387,82,23.619,30
70O,46422,83,23.927,30
70O,42832,84,24.624,30
70O,41958,85,24.907,30
70O,41937,86,25.203,30
70O,43147,87,25.552,30
70O,43148,88,25.75,30
22E,41842,1,0.493,20
22E,41865,2,0.769,20
22E,41887,3,0.951,20
22E,43196,4,1.132,20
22E,43198,5,1.244,20
22E,43200,6,1.423,20
22E,43202,7,1.602,20
22E,43192,8,1.917,20
22E,43194,9,2.091,20
22E,41556,10,2.282,20
22E,42066,11,2.56,20
22E,41230,12,2.822,20
22E,42068,13,3.102,20
22E,42069,14,3.324,20
22E,42071,15,3.489,20
22E,42073,16,3.736,20
22E,42075,17,3.902,20
22E,42078,18,4.128,20
22E,42080,19,4.303,20
22E,42082,20,4.474,20
22E,42083,21,4.758,20
22E,46327,22,4.988,20
22E,42086,23,5.177,20
22E,42089,24,5.407,20
22E,42090,25,5.554,20
22E,42092,26,5.912,20
22E,42094,27,6.067,20
22E,42096,28,6.402,20
22E,42099,29,6.686,20
22E,42101,30,6.95,20
22E,45065,31,7.244,20
22E,41105,32,7.408,20
22E,41107,33,7.665,20
22E,41109,34,7.816,20
22E,41614,35,8.142,20
22E,41612,36,8.342,20
22E,41609,37,8.553,20
22E,41610,38,8.661,20
22E,42798,39,8.931,20
22E,46399,40,9.183,20
22E,46306,41,9.355,20
22E,45071,42,9.508,20
22E,45074,43,9.927,20
22E,46329,44,10.334,20
22E,45076,45,10.609,20
22E,46562,46,10.745,20
22E,46033,47,11.106,20
22E,46483,48,11.417,20
22E,46484,49,11.596,20
22E,46485,50,11.919,20
22E,42188,51,12.411,20
22E,42189,52,12.559,20
22E,42191,53,12.894,20
22E,42193,54,13.045,20
22E,42194,55,13.24,20
22E,42197,56,13.416,20
22E,46401,57,14.073,20
22E,42201,58,15.052,20
22E,46386,59,15.321,20
22E,42203,60,15.514,20
22E,42204,61,15.713,20
22E,42208,62,16.277,20
22E,42210,63,16.821,20
22E,42211,64,17.145,20
22E,42214,65,17.445,20
22E,46615,66,17.598,20
22E,42217,67,17.761,20
22E,42219,68,18.018,20
22E,42221,69,18.262,20
22E,42223,70,18.526,20
903N,41957,1,1.162,21
903N,41952,2,1.455,21
903N,41942,3,1.844,21
903N,44903,4,3.488,21
903N,41481,5,12.239,21
903N,46130,6,12.533,21
903N,43070,7,12.739,21
903N,43072,8,12.907,21
903N,43074,9,13.152,21
903N,43076,10,13.284,21
903N,42952,11,13.499,21
903N,42949,12,13.794,21
903N,42948,13,13.924,21
903N,46325,14,14.088,21
903N,42946,15,14.357,21
903N,42944,16,14.677,21
903N,42942,17,14.83,21
903N,42939,18,15.051,21
903N,42937,19,15.234,21
903N,46604,20,15.453,21
903N,42935,21,15.552,21
903N,42933,22,15.787,21
903N,42930,23,15.904,21
903N,42928,24,16.139,21
903N,42926,25,16.292,21
903N,42924,26,16.429,21
903N,42922,27,16.581,21
903N,42919,28,16.793,21
903N,42917,29,16.971,21
903N,42915,30,17.195,21
903N,42913,31,17.391,21
903N,42896,32,17.619,21
903N,42997,33,17.887,21
903N,42975,34,18.067,21
903N,42953,35,18.249,21
903N,42931,36,18.56,21
903N,42884,37,18.776,21
903N,46641,38,18.92,21
903N,46290,39,19.17,21
903N,46291,40,19.512,21
903N,46292,41,19.72,21
903N,46293,42,19.917,21
903N,46294,43,20.253,21
903N,46295,44,20.423,21
903N,46296,45,20.749,21
903N,46297,46,22.1,21
903N,46298,47,22.332,21
903N,46299,48,22.512,21
903N,41788,49,22.738,21
903N,41783,50,22.958,21
903N,41786,51,23.15,21
903N,41201,52,23.247,21
903N,43263,53,23.366,21
313N,43420,1,11.445,2
313N,46643,2,12.684,2
12O,45053,1,0.139,17
12O,45052,2,0.267,21
12O,45051,3,0.383,21
12O,45050,4,0.496,22
12O,41537,5,0.695,22
12O,41539,6,0.874,22
12O,46418,7,1.042,22
144O,41899,1,1.824,39
144O,41897,2,2.712,39
144O,41895,3,4.131,39
144O,42057,4,5.36,39
144O,42054,5,5.546,39
144O,46354,6,5.738,39
144O,42052,7,5.87,39
144O,42039,8,6.061,39
144O,42017,9,6.292,39
144O,41997,10,6.428,39
144O,42130,11,6.673,39
144O,42108,12,6.838,39
144O,42087,13,7.047,39
144O,42064,14,7.24,39
144O,43053,15,7.552,39
144O,43051,16,7.718,39
144O,43047,17,7.978,39
144O,43045,18,8.153,39
144O,43042,19,8.349,39
144O,43040,20,8.545,39
144O,43038,21,8.839,39
144O,41155,22,9.654,39
144O,45044,23,9.805,39
144O,41180,24,9.981,39
144O,41199,25,10.183,39
144O,41203,26,10.418,39
144O,41205,27,10.623,39
144O,43257,28,10.793,39
144O,41157,29,10.985,39
144O,41159,30,11.315,39
144O,41161,31,11.542,39
144O,41163,32,11.742,39
144O,41164,33,12.022,39
144O,46274,34,12.375,37
144O,41695,35,12.572,39
144O,41703,36,12.796,39
144O,41701,37,13.025,39
144O,41699,38,13.36,39
144O,41696,39,13.511,39
144O,42650,40,13.719,39
40O,43343,1,0.574,37
40O,43146,2,0.785,37
40O,43145,3,1.124,37
40O,43143,4,1.726,37
40O,43438,5,2.21,37
40O,43139,6,2.449,37
40O,43136,7,2.604,37
40O,43134,8,2.778,37
40O,43132,9,2.981,37
40O,43130,10,3.074,37
40O,43128,11,3.229,37
40O,43125,12,3.392,37
40O,43123,13,3.595,37
40O,43121,14,3.88,37
40O,43119,15,4.072,37
40O,43117,16,4.22,37
40O,43115,17,4.497,37
40O,43113,18,4.719,37
40O,43111,19,4.883,37
40O,43109,20,5.114,36
40O,43107,21,5.236,37
40O,43158,22,5.41,37
40O,43156,23,5.668,37
40O,43138,24,5.796,37
40O,46408,25,6.055,37
40O,41313,26,6.196,37
40O,46409,27,6.539,37
40O,46441,28,6.648,37
40O,46410,29,7.034,37
40O,46432,30,7.25,36
40O,43392,31,9.236,37
40O,43393,32,9.408,37
40O,43394,33,9.716,35
40O,43395,34,9.857,31
31N,42794,1,1.099,33
31N,47031,2,1.662,33
31N,41842,3,1.93,33
31N,41865,4,2.207,33
31N,41887,5,2.388,32
31N,41796,6,2.751,33
31N,41798,7,2.933,33
31N,41800,8,3.153,33
31N,41802,9,3.488,33
31N,41804,10,3.676,33
31N,41807,11,3.914,33
31N,41809,12,4.257,33
31N,41811,13,4.398,33
31N,41813,14,4.801,33
31N,41817,15,5.097,33
31N,41820,16,5.348,33
31N,41822,17,5.486,33
31N,41824,18,5.848,33
31N,41826,19,6.037,33
31N,41828,20,6.718,33
31N,41831,21,6.898,33
31N,41839,22,7.154,33
31N,41834,23,7.31,33
31N,41837,24,7.472,33
31N,41833,25,7.859,33
31N,41841,26,8.03,33
31N,41844,27,8.238,33
31N,41846,28,8.554,33
31N,41848,29,8.96,33
31N,41849,30,9.163,33
31N,41852,31,9.512,33
31N,41854,32,9.769,33
31N,41856,33,10.106,33
31N,41858,34,10.322,33
31N,41860,35,10.57,33
31N,41862,36,10.929,33
31N,41864,37,11.207,33
31N,41867,38,11.376,33
31N,41869,39,11.575,33
31N,41871,40,11.884,33
31N,41873,41,12.087,33
31N,41875,42,12.197,33
31N,41878,43,12.424,33
31N,41880,44,12.605,33
31N,41080,45,13.14,33
31N,41081,46,13.388,33
31N,41083,47,13.636,33
31N,41208,48,13.818,33
31N,41112,49,14.074,33
31N,41114,50,14.231,33
31N,41116,51,14.509,33
31N,43166,52,14.744,33
31N,43168,53,14.868,33
31N,43170,54,15.324,33
31N,43172,55,15.518,33
31N,46397,56,15.691,33
31N,43164,57,15.874,33
31N,46506,58,16.151,33
31N,46622,59,16.312,33
31N,42571,60,16.564,33
31N,41030,61,16.756,33
31N,41031,62,16.869,33
31N,41029,63,17.046,30
43N,41842,1,0.306,21
43N,41865,2,0.582,21
43N,41887,3,0.764,21
43N,41796,4,1.126,21
43N,41798,5,1.308,21
43N,41800,6,1.528,21
43N,41802,7,1.863,21
43N,41804,8,2.052,21
43N,41807,9,2.29,21
43N,41809,10,2.633,21
43N,41811,11,2.773,21
43N,41813,12,3.176,21
43N,41817,13,3.472,21
43N,41820,14,3.723,21
43N,41822,15,3.862,21
43N,41824,16,4.223,21
43N,41826,17,4.412,21
43N,42705,18,6.18,21
43N,42719,19,6.324,21
43N,42721,20,6.533,21
43N,42718,21,6.863,21
43N,42715,22,7.21,21
43N,42717,23,7.381,21
43N,45014,24,7.563,21
43N,42712,25,7.713,21
43N,42713,26,7.876,21
43N,42709,27,8.089,21
43N,42710,28,8.404,21
43N,43995,29,8.537,21
43N,42707,30,8.662,21
43N,46415,31,8.953,21
43N,43996,32,9.278,21
43N,46391,33,9.546,21
43N,43997,34,9.728,21
50E,41931,1,0.792,32
50E,41964,2,1.108,32
50E,41966,3,1.341,32
50E,41941,4,1.637,32
50E,41958,5,2.037,32
50E,41937,6,2.333,32
50E,43147,7,2.682,32
50E,43148,8,2.88,32
50E,46443,9,3.183,31
50E,48050,10,3.374,32
50E,41028,11,3.929,32
50E,43249,12,4.079,32
50E,43374,13,4.281,32
50E,43439,14,4.572,32
50E,45028,15,4.723,32
50E,45030,16,4.856,32
50E,42836,17,5.184,32
50E,42839,18,5.352,32
50E,42842,19,5.479,32
50E,42844,20,5.764,32
50E,42847,21,6.208,32
50E,42850,22,6.453,32
50E,42852,23,6.64,32
50E,42854,24,7.121,32
50E,42856,25,7.35,32
50E,42858,26,7.596,32
50E,42857,27,7.721,32
50E,42862,28,8.02,32
50E,42865,29,8.547,32
50E,45031,30,8.922,32
50E,42867,31,9.454,32
50E,42869,32,9.86,32
50E,42871,33,10.125,32
50E,42873,34,10.646,32
50E,46118,35,10.955,32
50E,46119,36,11.294,32
50E,46120,37,11.719,32
50E,42876,38,11.974,32
50E,42879,39,12.151,32
50E,43240,40,12.284,32
50E,41280,41,12.446,32
50E,41282,42,12.637,32
50E,41104,43,12.997,32
50E,41614,44,13.308,32
50E,41612,45,13.508,32
50E,41609,46,13.718,32
50E,41610,47,13.827,32
902N,41899,1,1.876,18
902N,41897,2,2.765,18
902N,41895,3,4.184,18
902N,41431,4,5.223,18
902N,41283,5,5.562,18
902N,46591,6,5.684,18
902N,41297,7,5.969,18
902N,41299,8,6.131,18
902N,41301,9,6.391,18
902N,41303,10,6.7,18
902N,41285,11,6.87,18
902N,41291,12,7.018,18
902N,41287,13,7.22,18
902N,46603,14,7.379,18
902N,41289,15,7.593,18
902N,41292,16,7.837,18
902N,46419,17,8.224,18
902N,46520,18,8.577,18
902N,46429,19,8.753,18
902N,43925,20,8.889,18
902N,43927,21,9.108,18
902N,43928,22,9.236,18
902N,43296,23,9.399,18
56O,41028,1,0.454,30
56O,43149,2,0.71,30
56O,41915,3,1.236,30
56O,41916,4,1.455,30
56O,42840,5,2.108,30
56O,42167,6,2.321,30
56O,42165,7,2.577,30
56O,42163,8,2.834,30
56O,42153,9,3.058,30
56O,42151,10,3.428,30
56O,41782,11,3.754,30
56O,46147,12,3.881,30
56O,46148,13,4.135,30
56O,41932,14,4.565,30
56O,44056,15,5.477,30
56O,43295,16,5.875,30
56O,43929,17,6.237,30
56O,43930,18,6.446,30
56O,43931,19,6.553,30
56O,46472,20,6.753,29
56O,46474,21,7.139,30
56O,41933,22,7.36,30
56O,41935,23,7.56,30
56O,42148,24,7.733,30
56O,42146,25,8.042,30
56O,46393,26,8.237,30
56O,46149,27,8.48,30
56O,46150,28,8.642,30
56O,46151,29,8.901,30
56O,41618,30,9.179,30
56O,46152,31,9.521,30
56O,46153,32,9.642,30
56O,42802,33,9.921,30
56O,42800,34,10.128,30
56O,42882,35,10.505,30
56O,42881,36,10.627,30
56O,42863,37,10.86,30
56O,42837,38,10.972,30
56O,42819,39,11.19,30
56O,41270,40,12.347,30
56O,41269,41,12.675,30
56O,42639,42,12.888,30
56O,46106,43,13.034,30
56O,43437,44,13.156,30
56O,42662,45,13.369,30
56O,46406,46,13.439,30
56O,42674,47,13.586,30
56O,42676,48,13.955,30
56O,42678,49,14.114,30
56O,42641,50,14.308,30
56O,42643,51,14.495,30
56O,45066,52,14.696,30
20O,41241,1,0.573,19
20O,46417,2,0.796,19
20O,42795,3,0.945,19
20O,42585,4,1.129,19
20O,42606,5,1.356,19
20O,42620,6,1.568,19
20O,42622,7,1.728,19
20O,42624,8,1.91,19
20O,42587,9,2.028,19
20O,42589,10,2.247,19
20O,42591,11,2.661,19
20O,42593,12,2.958,19
20O,42595,13,3.102,19
20O,42598,14,3.296,19
20O,42600,15,3.555,19
20O,42602,16,3.703,19
20O,42603,17,3.89,19
20O,42605,18,4.053,19
20O,42608,19,4.181,19
20O,42610,20,4.34,19
20O,42612,21,4.622,19
20O,42614,22,4.785,19
20O,42616,23,5.116,19
20O,42063,24,5.35,19
20O,42061,25,5.577,19
20O,42059,26,5.727,19
20O,46349,27,6.021,19
20O,42057,28,6.128,19
20O,42054,29,6.314,19
20O,46354,30,6.506,19
20O,42052,31,6.638,19
20O,42039,32,6.829,19
20O,42017,33,7.06,19
20O,41997,34,7.196,19
20O,42130,35,7.441,19
20O,42108,36,7.606,19
20O,46324,37,7.812,19
20O,41724,38,8.104,19
20O,41737,39,8.493,19
20O,41735,40,8.809,19
20O,41733,41,8.959,19
20O,41731,42,9.146,19
20O,41722,43,9.383,19
20O,41986,44,9.623,19
20O,41056,45,9.714,19
20O,41059,46,9.933,19
20O,41061,47,10.137,19
20O,41063,48,10.476,19
20O,42497,49,10.766,19
20O,42499,50,10.903,19
20O,42501,51,11.123,19
20O,42504,52,11.428,19
20O,42506,53,11.678,19
46N,46018,1,0.493,33
46N,46625,2,0.777,33
46N,46109,3,1.478,33
46N,46019,4,1.859,33
46N,46020,5,2.195,33
46N,46021,6,2.43,33
46N,42515,7,2.571,33
46N,42480,8,2.692,33
46N,42511,9,2.946,33
46N,42513,10,3.063,33
46N,42516,11,3.322,33
46N,41416,12,3.61,33
46N,41417,13,3.868,33
46N,41421,14,4.065,33
46N,41424,15,4.417,33
46N,42811,16,4.899,33
46N,42810,17,5.129,33
46N,45035,18,5.321,33
46N,42809,19,5.434,33
46N,42807,20,5.545,33
46N,42806,21,5.653,33
46N,42821,22,5.827,33
46N,42802,23,6.103,33
46N,42800,24,6.31,33
46N,42882,25,6.687,33
46N,42881,26,6.809,33
46N,42863,27,7.042,33
46N,42837,28,7.155,33
46N,42819,29,7.372,33
46N,41270,30,8.529,33
46N,41269,31,8.857,33
46N,42639,32,9.07,33
46N,46106,33,9.216,33
46N,43437,34,9.338,33
46N,42662,35,9.552,33
46N,46406,36,9.621,33
46N,42674,37,9.768,33
46N,42676,38,10.137,33
46N,42678,39,10.296,33
46N,42641,40,10.49,33
46N,42643,41,10.678,33
46N,42645,42,10.919,33
46N,42648,43,11.172,33
46N,42651,44,11.43,33
46N,45033,45,11.653,33
46N,42656,46,11.811,33
46N,42654,47,12.027,33
46N,42658,48,12.402,33
46N,42659,49,12.647,33
46N,42661,50,12.912,33
46N,42664,51,13.168,33
46N,42667,52,13.704,33
46N,42669,53,14.087,33
46N,42671,54,14.208,33
46N,42761,55,14.438,33
46N,42763,56,14.654,33
46N,42765,57,14.878,33
46N,43077,58,15.099,33
46N,43093,59,15.26,33
46N,43095,60,15.543,33
46N,43097,61,15.784,33
46N,43079,62,15.961,33
46N,43081,63,16.293,33
66O,43295,1,0.378,22
66O,41505,2,0.745,22
66O,41502,3,1.017,22
66O,45058,4,1.331,22
66O,41508,5,1.56,22
66O,42826,6,1.821,22
66O,46633,7,2.336,22
66O,41290,8,2.506,22
66O,41288,9,2.911,22
66O,41286,10,3.155,22
66O,41284,11,3.425,22
66O,41302,12,3.742,22
66O,42480,13,3.97,22
66O,42511,14,4.224,22
66O,42513,15,4.341,22
66O,42516,16,4.6,22
66O,42482,17,4.691,22
66O,42484,18,4.863,22
66O,42486,19,5.002,22
66O,42488,20,5.272,22
66O,42490,21,5.366,22
66O,42493,22,5.542,22
66O,42495,23,5.848,22
66O,41057,24,6.087,22
66O,41064,25,6.26,22
66O,41062,26,6.575,22
66O,41060,27,6.799,22
66O,41058,28,7.038,22
66O,43047,29,7.313,22
66O,43045,30,7.488,22
66O,43042,31,7.684,22
66O,43040,32,7.88,22
66O,43038,33,8.173,22
66O,43033,34,8.878,22
66O,45008,35,9.138,22
66O,43034,36,9.379,22
66O,43030,37,9.603,22
66O,43027,38,9.92,22
66O,43025,39,10.28,22
66O,43023,40,10.527,22
66O,43019,41,10.656,22
66O,43017,42,10.826,22
66O,43016,43,11.008,22
66O,43067,44,11.279,22
66O,43065,45,11.519,22
66O,41714,46,11.72,22
66O,46322,47,12.074,22
66O,46244,48,12.383,22
66O,46245,49,12.57,22
39N,41931,1,0.814,26
39N,41964,2,1.129,26
39N,41966,3,1.363,26
39N,41941,4,1.659,26
39N,41958,5,2.058,26
39N,41937,6,2.354,26
39N,43147,7,2.703,26
39N,43148,8,2.901,26
39N,46509,9,3.205,26
39N,48039,10,3.395,26
39N,41028,11,3.95,26
39N,43149,12,4.206,26
39N,41915,13,4.732,26
39N,41916,14,4.951,26
39N,41919,15,5.232,26
39N,41921,16,5.332,26
39N,42844,17,5.623,26
39N,42847,18,6.067,26
39N,42850,19,6.312,26
39N,42852,20,6.499,26
39N,41814,21,7.222,26
39N,41817,22,7.375,26
39N,41820,23,7.626,26
39N,41822,24,7.764,26
39N,41824,25,8.126,26
39N,41826,26,8.315,26
39N,41828,27,8.996,26
39N,41831,28,9.176,26
39N,41130,29,9.329,26
39N,41133,30,9.424,26
39N,41134,31,9.544,26
39N,42155,32,9.736,26
39N,42156,33,9.844,26
39N,42158,34,10.103,26
39N,42160,35,10.365,26
39N,42718,36,10.666,26
39N,42715,37,11.013,26
39N,42717,38,11.184,26
39N,45014,39,11.366,26
39N,42712,40,11.516,26
39N,42713,41,11.678,26
39N,42709,42,11.892,26
39N,42710,43,12.206,26
39N,41099,44,12.44,26
39N,41098,45,12.614,26
39N,41092,46,12.916,26
39N,41097,47,13.163,26
39N,41096,48,13.417,26
39N,41094,49,13.688,26
39N,41848,50,13.823,26
39N,41849,51,14.025,26
39N,41852,52,14.374,26
39N,41854,53,14.631,26
39N,41856,54,14.968,26
39N,41858,55,15.184,26
39N,41860,56,15.432,26
39N,41862,57,15.791,26
39N,41864,58,16.069,26
39N,41867,59,16.239,26
39N,41869,60,16.438,26
39N,41871,61,16.746,26
39N,41873,62,16.95,26
39N,41875,63,17.059,26
39N,41878,64,17.286,26
39N,41880,65,17.468,26
39N,41882,66,17.932,26
39N,41884,67,18.118,26
39N,46438,68,18.335,26
39N,41886,69,18.515,26
39N,41889,70,18.653,26
39N,41070,71,18.83,26
27N,41842,1,0.306,24
27N,41865,2,0.582,24
27N,41887,3,0.764,24
27N,41796,4,1.126,24
27N,41798,5,1.308,24
27N,41800,6,1.528,24
27N,41802,7,1.863,24
27N,41804,8,2.052,24
27N,41807,9,2.29,24
27N,41809,10,2.633,24
27N,41811,11,2.773,24
27N,41813,12,3.176,24
27N,41817,13,3.472,24
27N,41820,14,3.723,24
27N,41822,15,3.862,24
27N,41824,16,4.223,24
27N,41826,17,4.412,24
27N,41828,18,5.093,24
27N,41831,19,5.273,24
27N,41130,20,5.426,24
27N,41133,21,5.521,24
27N,41134,22,5.641,24
27N,42155,23,5.833,24
27N,42156,24,5.941,24
27N,42158,25,6.2,24
27N,42160,26,6.462,24
27N,42718,27,6.763,24
27N,42715,28,7.11,24
27N,42717,29,7.281,24
27N,45014,30,7.463,24
27N,42712,31,7.613,24
27N,42713,32,7.776,24
27N,42709,33,7.989,24
27N,41902,34,8.252,24
27N,41911,35,8.594,24
27N,41909,36,8.875,24
27N,41907,37,9.083,24
27N,43983,38,9.198,24
27N,41016,39,9.349,24
27N,41017,40,9.535,24
27N,43986,41,9.811,24
27N,43987,42,10.081,24
27N,43988,43,10.241,24
27N,42693,44,10.337,24
27N,42701,45,10.6,24
27N,42699,46,10.99,24
27N,42697,47,11.157,24
27N,42695,48,11.269,24
27N,41072,49,11.488,24
27N,41071,50,11.765,24
27N,46305,51,11.88,24
27N,46396,52,12.262,24
27N,46303,53,12.414,24
27N,42727,54,12.572,24
27N,42729,55,12.907,24
925N,46475,1,3.231,11
925N,46476,2,4.332,11
925N,46477,3,5.055,11
925N,46478,4,5.954,11
925N,46537,5,6.331,11
925N,46514,6,7.29,11
925N,46500,7,9.029,11
925N,46529,8,9.8,11
925N,42136,9,12.903,11
925N,42138,10,13.16,11
925N,42140,11,13.495,11
925N,41988,12,13.708,11
925N,41990,13,13.996,11
925N,41992,14,14.173,11
925N,41994,15,14.529,11
925N,41996,16,14.917,11
925N,41999,17,15.134,11
925N,42001,18,15.284,11
925N,42003,19,15.514,11
925N,42005,20,15.955,11
925N,42008,21,16.132,11
925N,42010,22,16.354,11
925N,42409,23,16.635,11
925N,42414,24,16.789,11
925N,42416,25,17.018,11
925N,42418,26,17.171,11
925N,42420,27,17.401,11
925N,42411,28,17.629,11
925N,42412,29,17.794,11
925N,42178,30,17.945,11
925N,42179,31,18.063,11
925N,42180,32,18.216,11
925N,42184,33,18.544,11
925N,42447,34,18.689,11
925N,42455,35,18.863,11
925N,42457,36,19.141,11
942E,41921,1,1.796,5
942E,41742,2,2.307,5
942E,46099,3,3.353,5
942E,46515,4,14.0,5
942E,42136,5,18.025,5
942E,42138,6,18.282,5
942E,42140,7,18.617,5
942E,41988,8,18.83,5
942E,41990,9,19.118,5
942E,41992,10,19.296,5
942E,41994,11,19.651,5
942E,41996,12,20.039,5
942E,41999,13,20.256,5
942E,42001,14,20.406,5
942E,42003,15,20.636,5
942E,42005,16,21.078,5
942E,42008,17,21.255,5
942E,42010,18,21.476,5
942E,42409,19,21.758,5
942E,42414,20,21.911,5
942E,42416,21,22.14,5
942E,42418,22,22.293,5
942E,42420,23,22.523,5
942E,42411,24,22.751,5
942E,42412,25,22.916,5
942E,42178,26,23.067,5
942E,42179,27,23.186,5
942E,42180,28,23.338,5
942E,42184,29,23.666,5
942E,42447,30,23.811,5
942E,42455,31,23.985,5
942E,42457,32,24.263,5
36O,46018,1,0.577,11
36O,46625,2,0.861,11
36O,46109,3,1.562,11
36O,46019,4,1.943,11
36O,46020,5,2.279,11
36O,46021,6,2.514,11
36O,42515,7,2.655,11
36O,42480,8,2.776,11
36O,42511,9,3.03,11
36O,42513,10,3.147,11
36O,42516,11,3.406,11
36O,42482,12,3.497,11
36O,42484,13,3.668,11
36O,42486,14,3.808,11
36O,42488,15,4.078,11
36O,42490,16,4.172,11
36O,42493,17,4.348,11
36O,42495,18,4.654,11
36O,46607,19,4.823,11
36O,46577,20,5.077,11
36O,46578,21,5.321,11
36O,46579,22,5.651,11
36O,46580,23,5.875,11
36O,46581,24,6.194,11
36O,46582,25,6.4,11
36O,46583,26,6.625,11
36O,46584,27,7.037,11
36O,41617,28,7.363,11
36O,41967,29,7.575,11
36O,41969,30,7.736,11
36O,41971,31,7.966,11
36O,41973,32,8.056,11
36O,46585,33,8.38,11
36O,46586,34,8.689,11
36O,46587,35,8.911,11
36O,46588,36,9.149,11
252E,41706,1,1.735,8
252E,46631,2,2.592,8
252E,46384,3,3.626,8
252E,43302,4,4.462,8
252E,42584,5,5.2,8
252E,46629,6,5.679,8
252E,41393,7,7.171,8
252E,42101,8,7.464,8
252E,42103,9,7.683,8
252E,42105,10,7.879,8
252E,42107,11,8.132,8
252E,42110,12,8.452,8
252E,42112,13,8.715,8
252E,42114,14,8.916,8
252E,42116,15,9.163,8
252E,42118,16,9.631,8
252E,42121,17,9.983,8
252E,42123,18,10.193,8
252E,42125,19,10.535,8
252E,42127,20,10.859,8
252E,42129,21,11.067,8
252E,42132,22,11.564,8
252E,42134,23,12.294,8
252E,42136,24,12.82,8
252E,42138,25,13.077,8
252E,42140,26,13.412,8
252E,41988,27,13.625,8
252E,41990,28,13.913,8
252E,41992,29,14.09,8
252E,41994,30,14.446,8
252E,41996,31,14.834,8
252E,41999,32,15.051,8
252E,42001,33,15.201,8
252E,42003,34,15.43,8
252E,42005,35,15.872,8
252E,42008,36,16.049,8
252E,42010,37,16.271,8
252E,42409,38,16.552,8
252E,42414,39,16.706,8
252E,42416,40,16.935,8
252E,42418,41,17.088,8
252E,42420,42,17.318,8
252E,42411,43,17.546,8
252E,42412,44,17.71,8
252E,42178,45,17.861,8
252E,42179,46,17.98,8
252E,42180,47,18.133,8
252E,42184,48,18.461,8
252E,42447,49,18.606,8
252E,42455,50,18.779,8
252E,42457,51,19.058,8
41N,41842,1,0.306,5
41N,41865,2,0.582,5
41N,41887,3,0.764,5
41N,41796,4,1.126,5
41N,41798,5,1.308,5
41N,41800,6,1.528,5
41N,41802,7,1.863,5
41N,41804,8,2.052,5
41N,41807,9,2.29,5
41N,41809,10,2.633,5
41N,41811,11,2.773,5
41N,41813,12,3.176,5
41N,41817,13,3.472,5
41N,41820,14,3.723,5
41N,41822,15,3.862,5
41N,41824,16,4.223,5
41N,41826,17,4.412,5
41N,41828,18,5.093,5
41N,41831,19,5.273,5
41N,41839,20,5.53,5
41N,41834,21,5.686,5
41N,41837,22,5.847,5
41N,41833,23,6.234,5
41N,41841,24,6.405,5
41N,41492,25,6.725,5
41N,41490,26,6.935,5
41N,41488,27,7.219,5
41N,45014,28,7.835,5
41N,42712,29,7.984,5
41N,42713,30,8.147,5
41N,42709,31,8.361,5
41N,42710,32,8.675,5
41N,41099,33,8.909,5
41N,41098,34,9.082,5
41N,41092,35,9.384,5
41N,41097,36,9.632,5
41N,41096,37,9.886,5
41N,41094,38,10.157,5
41N,41086,39,10.324,5
41N,41088,40,10.521,5
41N,46023,41,10.778,5
41N,42730,42,11.083,5
41N,43419,43,11.234,5
41N,42726,44,11.39,5
41N,41076,45,11.586,5
41N,42557,46,11.847,5
41N,42556,47,12.081,5
41N,45017,48,12.261,5
41N,42554,49,12.466,5
41N,42552,50,12.673,5
402E,41197,1,0.297,8
402E,43260,2,0.541,8
402E,41190,3,0.662,8
402E,46280,4,0.805,8
402E,41784,5,0.943,8
402E,41785,6,1.141,8
402E,41787,7,1.39,8
402E,46281,8,1.569,8
402E,46282,9,1.799,8
402E,46283,10,3.208,8
402E,46284,11,3.502,8
402E,46285,12,3.661,8
402E,46286,13,4.008,8
402E,46287,14,4.184,8
402E,46288,15,4.396,8
402E,46289,16,4.759,8
402E,46640,17,5.051,8
402E,42920,18,5.144,8
402E,42940,19,5.339,8
402E,42964,20,5.659,8
402E,42987,21,5.817,8
402E,42885,22,6.008,8
402E,42908,23,6.27,8
402E,42914,24,6.488,8
402E,42916,25,6.799,8
402E,42918,26,7.011,8
402E,42921,27,7.133,8
402E,42923,28,7.333,8
402E,42925,29,7.476,8
402E,42927,30,7.614,8
402E,42929,31,7.769,8
402E,42932,32,8.01,8
402E,42934,33,8.119,8
402E,42936,34,8.355,8
402E,46605,35,8.45,8
402E,42938,36,8.67,8
402E,42941,37,8.867,8
402E,42943,38,9.053,8
402E,42945,39,9.229,8
402E,42947,40,9.552,8
402E,45036,41,9.814,8
402E,42950,42,9.954,8
402E,42951,43,10.155,8
402E,42954,44,10.413,8
402E,42956,45,10.568,8
402E,42958,46,11.027,8
402E,42960,47,11.41,8
402E,43982,48,11.613,8
402E,42962,49,11.867,8
402E,42965,50,12.036,8
402E,42967,51,12.417,8
402E,42969,52,12.623,8
402E,42971,53,13.094,8
402E,42973,54,13.415,8
402E,42976,55,13.864,8
402E,42978,56,14.096,8
901N,46515,1,13.104,8
901N,41705,2,18.379,8
901N,41711,3,18.649,8
901N,41213,4,18.96,8
901N,42176,5,19.134,8
901N,42410,6,19.363,8
901N,42419,7,19.587,8
901N,42417,8,19.743,8
901N,42415,9,19.969,8
901N,45012,10,20.251,8
901N,45013,11,20.413,8
901N,46301,12,20.618,8
901N,42458,13,20.853,8
901N,42456,14,21.047,8
901N,42453,15,21.212,8
901N,42449,16,21.363,8
404E,41197,1,0.257,4
404E,43260,2,0.501,4
404E,41190,3,0.621,4
404E,41193,4,0.974,4
404E,41189,5,1.092,4
404E,41187,6,1.308,4
404E,41185,7,1.678,4
404E,41183,8,1.84,4
404E,46533,9,1.915,4
404E,41181,10,2.104,4
404E,43259,11,2.194,4
404E,41178,12,2.478,4
404E,41176,13,2.821,4
404E,41174,14,2.951,4
404E,43022,15,3.094,4
404E,43037,16,3.259,4
404E,43050,17,3.48,4
404E,41697,18,3.775,4
404E,41699,19,4.002,4
404E,41696,20,4.153,4
404E,42650,21,4.361,4
404E,42647,22,4.445,4
404E,42646,23,4.651,4
404E,41717,24,4.864,4
404E,41715,25,5.17,4
404E,41713,26,5.369,4
404E,43066,27,5.629,4
404E,43068,28,5.885,4
404E,43018,29,6.071,4
404E,43021,30,6.24,4
404E,43024,31,6.434,4
404E,43026,32,6.636,4
404E,43029,33,6.996,4
404E,43031,34,7.257,4
2E,41342,1,0.452,4
2E,41360,2,0.628,4
2E,41380,3,0.912,3
2E,41395,4,1.248,4
2E,41323,5,1.492,4
2E,41325,6,1.65,4
2E,41327,7,1.95,4
2E,41331,8,2.244,4
2E,41334,9,2.412,4
2E,41336,10,2.556,4
2E,41338,11,2.708,4
2E,41339,12,2.869,4
2E,41799,13,3.08,4
2E,41797,14,3.352,4
2E,41795,15,3.589,4
2E,41876,16,3.873,4
2E,46423,17,4.101,4
